Kelas;Soal;A;B;C;D;E;Jawaban;;
4;Pantun Paling Banyak Dijumpai Dalam Bahasa ...;Inggris;Dayak;Lampung;Melayu;#;D;;
4;"Dalam Karangan, Satu Paragraf Minimal Terdiri Atas …";Satu kalimat utama dan satu kalimat penjelas;Satu kalimat penjelas dan beberapa kalimat utama;Satu kalimat utama dan tiga kalimat penjelas;Satu kalimat utama saja;#;A;;
4;Pesan Yang Penting Sebaiknya Harus Kita ... Agar Tidak Lupa;Biarkan;Ingat;Catat;Simpan;#;C;;
4;Salah Satu Langkah Dalam Menyampaikan Kembali Isi Pengumuman Adalah...;Mendengarkan Pembacaan Pengumuman Dengan Sekilas;Mendengarkan Dengan Saksama Pembacaan Pengumuman;Meminta Penjelasan Dari Pembaca Pengumuman;Menunggu Penjelasan Dari Orang Lain;#;B;;
4;Di Bawah Ini Salah Satu Ciri-Ciri Pantun Adalah...;Baris Ketiga Dan Keempat Berupa Sampiran;Baris Pertama Dan Kedua Berupa Isi;Satu Bait Terdiri Atas Empat Baris;Bersajak B-A-B-A;#;C;;
4;Koperasi Sekolah Menyediakan Alat-Alat Tulis. Kata Menyedihkan Menggunakan Imbuhan ...;Me - I;Me - An;Meny - Kan;Me - Kan;#;B;;
4;Burung Cendrawasih Banyak Terdapat Di Papua. Pemenggalan Kata Cendrawasih Yang Benar Adalah...;Ce - Ndra - Wa - Sih;Cen - Dra - Was - Ih;Cen - Dra - Wa - Sih;Cend - Ra - Wa - Sih;#;C;;
4;Isi Pesan Yang Disampaikan Harus... Dengan Pesan Yang Diterima;Selalu;Sesuai;Sejalan;Bersama;#;B;;
4;Pantun Agama Juga Disebut Pantun...;Adat;Jenaka;Nasihat;Religi;#;D;;
4;"Jika Kita Menerima Telepon Dari Seseorang, Yang Harus Kita Ingat Adalah …";"Siapa Nama Penelepon, Kapan Ia Menelepon, Apa Isi Pesan Yang Telah Ia Sampaikan";"Siapa Nama Penelepon, Kapan Ia Menelepon, Siapa Yang Menerima Telepon";"Siapa Nama Penelepon, Kapan Ia Menelepon, Dari Mana Ia Menelepon";"Siapa Nama Penelepon, Di Mana Dan Dari Mana Ia Menelepon, Dengan Siapa Ia Menelepon";#;A;;
4;"Wah, Indah Benar Lukisanmu! Kalimat Di Atas Mengungkapkan Rasa ...";Malu;Benci;Kagum;Sedih;#;C;;
4;Kumpulan Kalimat Yang Mempunyai Kalimat Utama Atau Pikiran Pokok Disebut...;Kalimat Penjelas;Kalimat Utama;Paragraf;Kalimat;#;C;;
4;Penggunaan Tanda Koma Untuk Menuliskan Bilangan Rupiah Adalah...;Rp100.000;"Rp10.000,00";"Rp 10.00,00";"Rp1.000,00";#;B;;
4;"Pengumuman Ditulis Dengan Padat, Singkat, Dan ...";Mudah;Komunikatif;Informatif;Jelas;#;D;;
4;Membaca Nyaring Disebut...;Bersuara Rendah;Berdendang;Bersuara Sedang;Bersuara;#;D;;
4;Menulis Sebuah Karangan Harus Sesuai Dengan...;Perintah Teman;Topik;Pekerjaan Teman;Niat;#;B;;
4;Kata Pertama Dalam Menerima Telepon Adalah ...;Halo;Terima Kasih;Benar Sekali;Siapa Ya;#;A;;
4;Ide Pokok Yang Dibicarakan Disebut...;Isi;Kalimat;Tema;Paragraf;#;C;;
4;Saya Turut Prihatin Atas Kejadian Yang Telah Menimpa Keluargamu! Pernyataan diatas menyatakan...;Ketidakpuasan;Kepuasan;Keyakinan;Keharuan;#;D;;
4;"Dalam Membaca Pantun, Suara Harus...";Pelan;Menggema;Nyaring;Lembut;#;C;;
4;"Selamat Siang, Bu Guru. Tanda Bacaan Yang Tepat Untuk Kalimat Di Atas Adalah ...";Tanda Tanya;Tanda Pisah;Tanda Seru;Titik;#;C;;
4;Penulisan Huruf Kapital Yang Salah Berikut Ini Adalah...;Mr. Rajiman;Jend. Sudirman;Drs. Moh. Toha;Ir. Soekarno;#;B;;
4;Penulisan Di Sebagai Kata Depan Adalah... Dengan Kata Yang Mengikutinya;Semua Jawaban Salah;Dipisah;Disambung;Boleh Dipisah Dan Boleh Disambung;#;B;;
4;"Komunikatif, Artinya...";Bisa Dibaca;Mudah Dimengerti;Bisa Diterima;Mudah;#;B;;
4;Telepon Merupakan Salah Satu Sarana Untuk ...;Bermain;Berkomunikasi;Bermusuhan;Bercanda;#;B;;
4;Berikut Ini Contoh Pengumuman Dalam Lingkungan Perdagangan ...;Pengumuman Berita Duka;Pengumuman Anak Hilang;Pengumuman Juara Lomba;Pengumuman Daftar Harga Barang;#;D;;
4;Pengumuman Pada Dasarnya Berisi...;Berita Tentang Sesuatu;Cerita Pada Masa Lalu;Beberapa Pantun;Hadiah Langsung;#;A;;
4;Pengumuman Adalah ...;Memberi;Menerima;Menunggu;Memberitahukan;#;D;;
4;Pada Acara Itu Para Pedagang Mendapatkan Banyak Laba. Makna Kata Laba Pada Kalimat Di Atas Adalah ...;Kerugian Yang Diderita Pedagang;Banyaknya Modal Yang Dikeluarkan;Keuntungan Yang Diperoleh Pedagang;Pelanggan Yang Datang Bekunjung;#;C;;
4;"Kita Tidak Boleh Berpikir Mundur, Tetapi Harus Berpikir ... Antonim Yang Tepat Dari Kata ""Mundur"" Adalah...";Luas;Maju;Cerdas;Pintar;#;B;;
4;"Berikut Ini Adalah Kata-Kata Yang Berhubungan Dengan Bidang Koperasi, Kecuali...";SHU;UKS;Simpanan Wajib;Simpanan Pokok;#;B;;
4;Manakah Yang Menggunakan Tanda Koma Dengan Benar?;"Di Kebun Pak Somat Ada Tomat, Dan Cabai.";"Saya Suka Makan Bakso, Soto, Sate Dan Gulai.";"Ibu Membeli Sayur, Gula Dan Beras Di Pasar.";"Shinta, Danu, Dan Wiwid Adalah Teman Seklelas.";#;B;;
4;Membaca Dengan Suara Jelas Dan Keras Disebut...;Membaca Cepat;Membaca Surat;Membaca Nyaring;Membaca Memindai;#;C;;
4;"Kebetulan pisangnya sudah menguning, Kata menguning memiliki makna yang sama dengan Kata...";Masak;Manis;Layu;Segar;#;A;;
4;Ayah hendak menebang pohon pisang. Lawan kata menebang dalam kalimat di atas adalah...;menanak;memasak;memanen;menanam;#;D;;
4;"Tanda ( , ) dalam kalimat berguna...";berhenti;berhenti sebentar;berhenti lama;terus dibaca;#;B;;
4;Kalimat yang tepat untuk memberikan pendapat dan saran ialah...;Anda tidak boleh...;Kamu jangan...;Kamu harus...;Menurut saya sebaiknya...;#;D;;
4;Lapangan olahraga untuk jualan. Pendapat dan saran yang tepat untuk masalah di atas adalah...;Berjualan di lapangan mengganggu sebaiknya berjualan di pasar;Berjualan untuk mendapatkan banyak uang;Olah raga memang harus di lapangan;Lapangan adalah tempat untuk berolah raga;#;A;;
4;Yang harus di lakukan pertama kali untuk memelihara ikan di akuarium adalah...;memberi makan;mengisi air;menyiapkan ikan;menyiapkan akuarium;#;D;;
4;Tanda seru ( ! ) digunakan untuk mengakhiri kalimat...;perintah;Tanya;berita;langsung;#;A;;
4;"Tono sedang belajar, tiba-tiba ayah memanggil Tono. Yang dilakukan Tono adalah...";berhenti belajar;belajar terus;menyahut panggilan ayah;keluar kamar belajar;#;C;;
4;Arman sering tidak masuk sekolah. Saran yang dapat kamu sampaikan kepada Arman adalah...;sebaiknya tidak usah ijin;tidak masuk sekolah tidak apa apa;belajar di rumah saja;usahakan rajin berangkat sekolah agar pandai;#;D;;
4;"Jika tidak ada pembeli, Toni menggunakan waktu Untuk...";Bekerja;Berjualan;belajar;bermain;#;C;;
4;Kecelakaan Kereta api terjadi di Bogor Jawa Barat. Pertanyaan yang tepat untuk masalah di atas adalah...;Dimana kecelakaan itu terjadi ?;Kapan kecelakaan itu terjadi ?;Bagaimana kecelakaan itu terjadi ?;Mengapa kecelakaan itu terjadi ?;#;A;;
4;Kita- teguh- runtuh-kita- bercerai-bersatu. Kalimat yang bermakna dari kata-kata di atas adalah...;Kita bersatu runtuh kita bercerai teguh;Bersatu kita bercerai runtuh kita teguh;Bersatu kita teguh bercerai kita runtuh;Kita bercerai teguh kita bersatu runtuh;#;C;;
4;Tono bermain bola... Halaman. Kata depan yang tepat untuk melengkapi kalimat di atas adalah...;dari;pada;ke;di;#;D;;
4;Cara membaca puisi yang baik adalah...;Suara selalu lirih;Intonasi yang tepat;Suara yang keras;Suara tidak perlu keras;#;B;;
4;Membaca intensif merupakan kegiatan membaca suatu bacaan secara ...;Sambil lalu;Sekilas;Mendalam;teori;#;C;;
4;Kegiatan yang dilakukan orang untuk mencari penghasilan dalam rangka memenuhi kebutuhan hidup disebut ...;Kegiatan ekonomi;Kegiatan produksi;Kegiatan distribusi;Kegiatan konsumsi;#;A;;
4;Setiap kegiatan ekonomi pada dasarnya bertujuan untuk ...;Memperoleh pujian;Memenuhi kebutuhan;Menggunakan kemamouan;Memanfaatkan kekayaan alam;#;B;;
4;"Dalam kegiatan produksi, orang menghasilkan barang dan jasa. Berikut ini yang termasuk kegiatan produksi adalah ...";Membuat tahu;Membeli sepatu;Berdagang sayuran;Mengirim hasil bumi;#;A;;
4;Berikut ini yang tergolong kegiatan komsumsi adalah ...;Penjahit memotong pola kain;Anto memakai baju lebaran;Tukang bakso menjajakan dagangannya;Tukang las membuat pagar rumah;#;B;;
4;Kegiatan ekonomi yang cocok dilakukan penduduk di sekitar tempat pariwisata ...;pertanian;pertambangan;perkebunan;jasa;#;D;;
4;Di bawah ini yang bukan bidang pekerjaan jasa di bawah ini adalah ...;dokter;guru;konsultan;nelayan;#;D;;
4;Keadaaan alam mempengaruhi jenis pekerjaan penduduk. Pekerjaan yang biasa dilakukan di dataran tinggi adalah ...;menjadi nelayan;menjadi pembuat barang kerajinan dari kerang;menjadi pegawai kantoran;bertani sayur-sayuran;#;D;;
4;Berikut ini yang termasuk dalam perusahaan jasa adalah ...;perusahaan tekstil;biro pariwisata;industri perakitan mobil;usaha pembuatan genting;#;B;;
4;"Sungai dapat dimanfaatkan untuk hal berikut ini, kecuali ...";mengairi sawah;pembangkit listrik tenaga uap;memelihara ikan;sarana olahraga air;#;B;;
4;Badan atau lembaga perekonomian yang paling cocok dengan maksud Pasal 33 ayat 1 UUD 1945 adalah ...;Perseroan;koperasi;Firma;kongsi dagang;#;C;;
4;Tujuan koperasi adalah ...;meningkatkan kesejahteraan anggota;memperoleh keuntungan sebesar-besarnya;menguasai ekonomi rakyat;merugikan anggotanya;#;A;;
4;Modal koperasi berasal dari ...;pengurus;anggota;pengusaha;Pemerintah;#;C;;
4;Bapak koperasi Indonesia adalah ...;Prof.Dr Soemitro;Drs. Mohamad Hatta;Jendral Soeharto;Ir.Soekarno;#;B;;
4;Koperasi Unit Desa didirikan di lingkungan ...;perkotaan;pedesaan;perusahaan;pertokoan;#;C;;
4;Koperasi yang berada di sekolah baranggotakan ...;PNS;karyawan;Kepala sekolah;siswa;#;D;;
4;Gambar timbangan pada lambang koprasi Indonesia memiliki makna ...;Keadilan sosial sebagai salah satu dasar koperasi;Bersifat kerakyatan;Koperasi sebagai penyalur aspirasi;Selalu menuju keunggulan dalam persaingan global;#;A;;
4;Simpanan yang dibayarkan pada saat mendaftar menjadi anggota koprasi adalah ...;Simpanan wajib;Simpanan pokok;Simpanan sukarela;Simpanan anggota;#;B;;
4;Besarnya simpanan pokok adalah ...;Ditentukan oleh rapat anggota;sama bagi tiap anggota;Tidak sama bagi tiap anggota;ditentukan oleh pengurus koperasi;#;C;;
4;Petani menggunakan perontok padi. Berarti petani tersebut menggunakan tekhnologi ...;industri;produksi;komunikasi;transportasi;#;B;;
4;Pernyataan mengenai tekhnologi berikut ini yang benar adalah ...;Tekhnologi mempermudah kehidupan manusia;Tekhnologi membatasi kegiatan manusia;Hanya manusia moderen yang dapat menciptakan teknologi;Tekhnologi pada masa lalu lebih maju daripada tekhnologi masa kini;#;A;;
4;Tekhnologi sederhana umumnya menggunakan...;nuklir;mesin;matahari;manusia;#;D;;
4;Tekhnologi pertanian tradisional yang biasa digunakan untuk menggemburkan tanah adalah...;geraji;cangkul;traktor;reaktor;#;C;;
4;Cara tradisional untuk mengolah padi menjadi beras dilakukan dengan cara ...;mencuci;menumbuk;menjemur;membakar;#;B;;
4;"Untuk berhubungan dengan orang di tempat berbeda, kita memanfaatkan tekhnologi ...";komunikasi;produksi;transportasi;industri;#;A;;
4;Lembaran-lembaran kertas berisi berita disebut ...;novel;majalah;pamlet;koran;#;D;;
4;Tempat berhentinya kereta api untuk menaikkan dan menurunkan penumpang disebut ...;bandarai;stasiun;terminal;pelabuhan;#;B;;
4;Salah satu kemajuan di bidang transportasi adalah ...;rakit;becak;delman;pesawat terbang;#;D;;
4;Masalah sosial yang mengganggu keamanan masyarakat adalah ...;kemiskinan;kejahatan;keterbelakangan;kebodohan;#;B;;
4;Masalah sosial yang sering terjadi di daerah terpencil adalah ...;kebodohan;kriminalitas;pengangguran;tawuran pelajar;#;A;;
4;Masalah sosial yang banyak terjadi di lingkungan perkotaan adalah...;Kebodohan;kriminalitas;Kesibukan;keterbelakangan;#;C;;
4;BOS adalah program bantuan dana pemerintah yang diperuntukan bagi...;Fakir miskin;sekolah;pengangguran;usaha kecil;#;B;;
4;Orang yang hidupnya di bawah standar kehidupan yang layak disebut orang...;Sederhana;Mapan;kaya;miskin;#;D;;
4;Orang yang tidak mempunyai tempat pekerjaan disebut ...;pengangguran;tunawisma;pekerja;pegawai;#;A;;
4;Kurangnya perhatian orang tua dapat menyebabkan masalah sosial berupa...;pencurian;kenakalan remaja;kesenjangan sosial;kerusahan sosial;#;B;;
4;Salah satu faktor penyebab terjadinya tindakan kejahatan adalah ...;kesehatan;ekonomi;perumahan;politik;#;C;;
4;Segitiga merah pada gambar dalam peta merupakan simbol ...;gunung berapi;pegunungan;gunung;gunung tertinggi;#;A;;
4;Gambar lautan pada peta akan dilukiskan dengan warna ...;hijau;merah;biru;putih;#;C;;
4;Jika dalam peta tertulis 1 : 350.000 maka setiap 1 cm pada jarak adalah...;35 km;"0,35 km";350 km;"3,5 km";#;D;;
4;Arah mata angin dalam sebuah peta dapat juga dinamakan dengan ...;simbol;legenda;skala;orientasi;#;D;;
4;Untuk memperbesar atau memperkecil gambar peta digunakan bantuan garis ...;koordinat;bujur;katulistiwa;lintang;#;A;;
4;Kumpulan dari simbol-simbol yang lengkap dengan ketengannya pada peta atau atlas disebut ...;legenda;indeks;simbol;Skala;#;A;;
4;Pengaruh lingkungan sosial yang tidak baik contohnya ...;pertandingan sepak bola;belajar bersama;tawuran pelajar;saling memberi salam bila bertemu;#;C;;
4;Manusia dapat menciptakan kebudayaan karena oleh Tuhan dianugerahi ...;perasaan;naluri;Indra penglihatan;Akal pikiran;#;D;;
4;"Di bawah ini adalah pemamfaatan lahan yang ada di dataran rendah, kecuali ...";pertanian pangan;perikanan;Kawasan industri;PLTA;#;D;;
4;Jenis tanaman yang ada di daerah pantai yang sangat berguna untuk mencegah abrasi gelombang laut adalah ...;pandan;jati;ketapang;bakau;#;D;;
4;Gempa bumi yang disebabkan oleh letusan gunung merapi disebut gempa ...;tektonik;mekanik;vulkanik;elektronik;#;C;;
4;"Di bawah ini adalah pulau-pulau yang banyak terdapat gunung berapi yang masih aktif, kecuali ...";Maluku;Sumatra;Kalimatan;Jawa;#;C;;
4;Gambar seluruh atau sebagian permukaan bumi yang dilukis ke suatu bidang datar dengan skala tertentu disebut...;bumi;tata surya;peta;tanah;#;C;;
4;Bagian daratan yang berbatasan langsung dengan laut adalah...;sungai;daratan;pantai;rawa;#;C;;
4;Masyarakat yang tinggal di sekitar daerah pantai umumnya bekerja sebagai...;sopir;nelayan;peternak sapi;pengusaha;#;B;;
4;Hasil dari 432 x 18 : 6 adalah ...;1.396;1.296;1.456;1.586;#;B;;
4;FPB dari 60 dan 90 adalah ...;5;10;12;15;#;D;;
4;Hasil dari 15.725 + 600 : 15 adalah ...;14.975;15.165;15.765;16.125;#;C;;
4;Bilangan 58.376 jika dibulatkan ke ratusan terdekat menjadi ...;58;59;58.4;60;#;C;;
4;KPK dari 24 dan 36 adalah ...;36;72;96;108;#;B;;
4;"Harga sepatu roda Rp 232.750,00 dibayar dengan 5 lembar uang Rp 50.000,00. Maka uang kembaliannya adalah ...";"Rp15.250,00";"Rp17.250,00";"Rp16.250,00";"Rp18.250,00";#;B;;
4;Farhan membeli kertas sebanyak 5 rim. Kertas digunakan sebanyak 1863 lembar. Maka sisa kertas milik Farhan adalah lembar;517;547;617;637;#;D;;
4;"Jarak antara rumah Agung dengan sekolahnya 5,75 km , sebanding dengan dam";"57,5";575;5.75;57.5;#;B;;
4;Besar sudut setengah putaran adalah Â°;45;90;180;360;#;C;;
4;Faktorisasi prima dari 36 adalah ...;2 x 3;2Â² x 3;2Â² x 2Â²;2Â² x 3Â²;#;D;;
4;Diketahui luas jajargenjang 88 cmÂ² dan panjang alasnya 22 cm. Tinggi jajargenjang adalah cmÂ²;4;8;12;16;#;A;;
4;"Luas segitiga 25 cmÂ². Jika tingginya 5 cm, maka panjang alasnya adalah cm";5;10;12;20;#;B;;
4;10 langkah ke kanan dari titik -7 adalah ...;-3;3;17;-17;#;B;;
4;Hasil dari 28 + (-45) adalah ...;17;-73;-17;73;#;C;;
4;Hasil dari -9 + (-11) - (-12) = ...;-14;-32;-8;8;#;C;;
4;"90, -125, 75, -100. Bilangan yang mempunyai nilai terbesar adalah ...";90;75;-125;-100;#;A;;
4;3/5 = n/25 . Agar benar n adalah ...;5;10;15;20;#;C;;
4;Hasil pengerjaan dari 3/8 - 4/16 = ...;01-Jun;01-Aug;01-Mar;01-Feb;#;B;;
4;Pecahan yang senilai dengan 81/99 adalah ...;01-Sep;08-Sep;09-Nov;Nov-19;#;C;;
4;Pecahan paling sederhana dari 27/36 adalah ...;09-Dec;03-Apr;02-Mar;01-Mar;#;B;;
4;Lambang bilangan romawi dari 149 adalah ...;CXLV;CXLIX;CXLVIII;CXLVII;#;B;;
4;Bilangan cacah dari DCCCXLVI adalah ...;864;846;956;946;#;B;;
4;Hasil dari XII + XXXIX adalah ...;XLI;L;LI;LII;#;C;;
4;Bangun yang dapat dilipat secara sempurna disebut dengan bangun ...;simetris;asimetris;kongruen;sebangun;#;A;;
4;Segitiga sama sisi memiliki sumbu simetri sebanyak ...;1;2;3;tidak punya;#;C;;
4;Banyakya rusuk pada kubus adalah ...;8;10;12;16;#;C;;
4;Banyaknya titik sudut pada bangun limas segi empat adalah ...;4;5;6;7;#;B;;
4;Sifat komutatif pada operasi hitung matematika artinya ...;pertukaran;penggabungan;penyebaran;pengelompokan;#;A;;
4;Nilai tempat angka 2 pada bilangan 2.658 adalah ...;satuan;puluhan;ratusan;ribuan;#;D;;
4;Nilai angka 6 pada bilangan 2.658 adalah ...;6;600;60;6;#;B;;
4;Hasil dari 7 x 6 adalah ...;40;42;56;63;#;B;;
4;"Jika 36 x 99 = (36x n)-(36x1),  maka nilai n …";5;10;100;1;#;C;;
4;Hasil dari 4.150+ 32 x 3 = ...;4.054;4.246;4.624;6.242;#;B;;
4;Pernyataan untuk cara pembulatan ke ratusan di bawah ini yang benar adalah ...;Bilangan yang kurang dari 5 dibulatkan ke bawah menjadi 0;Bilangan yang kurang dari 50 dibulatkan ke bawah menjadi 0;Bilangan yang kurang dari 500 dibulatkan ke bawah menjadi 0;Bilangan yang kurang dari 5000 dibulatkan ke bawah menjadi 0;#;B;;
4;Sepuluh ribu rupiah bila ditulis dengan angka adalah ...;"Rp 1.00,00";"Rp1.000,00";"Rp10.000,00";"Rp100.000,00";#;C;;
4;"Jumlah 2 lembar uang ribuan, 5 uang logam limaratusan, dan 2 lembar sepuluh ribuan adalah ...";"Rp14.000,00";"Rp18.000,00";"Rp22.000,00";"Rp24.500,00";#;C;;
4;"Rini membeli sebuah baju harganya Rp 25.000,00 dan sebuah kaos harga Rp 12.250,00. Jika Rini membayar dengan 2 lembar dua puluh ribuan, maka kembaliannya adalah ...";"Rp2.500,00";"Rp2.750,00";"Rp3.700,00";"Rp4.250,00";#;B;;
4;Di antara bilangan berikut yang merupakan kelipatan 3 adalah ...;2;4;6;8;#;C;;
4;"3,6,9,12,15 merupakan bilangan kelipatan ...";3;4;5;6;#;A;;
4;Bilangan 7 adalah bilangan ...;genap;asli;prima;komposit;#;C;;
4;kelipatan persekutuan dari 28 dan 42 adalah ...;"1,2,7,14";"1,2,4,7,14";"1,4,7,14,16";"1,7,14,16";#;A;;
4;KPK dari 6 dan 10 adalah ...;20;25;30;40;#;C;;
4;Lensa Mata Membentuk Bayangan Terbalik.;Pada Pupil;Pada Lensa Mata;Pada Retina;Pada Anak Mata;#;C;;
4;"Zenal Melemparkan Batu Keatas, dan Batu Tersebut Kembali Lagi Jatuh. Ini Disebabkan Oleh...";Adanya Gravitasi Bulan;Adanya Gaya Tarik Batu;Adanya Udara;Adanya Gravitasi Bumi;#;D;;
4;Merupakan Sikap Duduk Yang Benar Pada Saat Membaca...;Membungkuk;Miring Ke Kiri;Miring Ke Kanan;Tegak;#;D;;
4;Kekurangan Vitamin D dapat Menyebabkan Penyakit...;Kaki Bengkok;Rabun Ayam;Reumatik;Sariawan;#;A;;
4;Organ Tubuh Dapat Digerakan Dengan Bebas Dikarenakan Adanya...;Otot;Rangka;Sendi;ulang;#;C;;
4;Posisi Sikap Berdiri Yang Baik Adalah Dengan Cara Badan Ditahan Oleh Kedua Tangkai Panggul Mendatar Dan Berat Badan Berada Pada...;Telapak Kaki;Paha Dan Betis;Pertengahan Kaki;Pangkal Kaki;#;A;;
4;Hewan Yang Mengalami Metamorfosis Sempurna Adalah...;Siput;Belalang;Ikan;Kupu-Kupu;#;D;;
4;...Merupakan Bagian Batang Kayu Yang Berlendir Dan Berfungsi Membersihkan Kayu.;Daun;Klorofil;Kambium;Kulit;#;C;;
4;"Berdasarkan Wujudnya Batum, Kayu dan Besi Termasuk Jenis Benda…";Gas;Lunak;Padat;Cair;#;C;;
4;...Adalah Lapisan Kulit Yang Paling Luar Dan Tipis.;Jangat;Buku;Kulit Jari;Tanduk;#;A;;
4;Otak Pada Kepala Kita Dilindungi Oleh...;Ubun-Ubun;Tenggorokan;Dahi;Pipi;#;A;;
4;"Rangka Manusia Termasuk Rangka Kepala, Badan Dan Rangka...";Anggota Tubuh;Anggota Kaki;Anggota Gerak;Anggota Pancaindra;#;C;;
4;Vitamin Yang Bermanfaat Untuk Kesehatan Tulang Adalah...;Vitamin D;Vitamin E;Vitamin B;Vitamin C;#;A;;
4;...Merupakan Salah Satu Fungsi Rangka Manusia.;Memberi Kenyamanan Pada Tubuh;Memberi Bentuk Pada Tubuh;Memberi Warna Pada Tubuh;Memberi Arti Pada Tubuh;#;B;;
4;Alat Indera Pada Gambar Memiliki Fungsi Untuk...;Melihat;Meraba;Perasa;Mencium;#;A;;
4;...Adalah Bunyi Yang Berfrekuensi Lebih Dari 20.000 Hz.;Frekuensi;Infrasonik;Ultrasonik;Audiosonik;#;C;;
4;Tarikan Dan Dorongan Disebut...;Gaya;Tenaga;Gerak;Kerja;#;A;;
4;Salah Satu Dari Sifat Benda Cair yaitu...;Bentuk Dan Ukuran Tetap;Bentuk Berubah-Ubah;Permukaan Selalu Miring;Mengisi Seluruh Ruangan;#;B;;
4;Hewan Pada Gambar Termasuk Hewan Pemakan...;Daging;Biji-Bijian;Tumbuh-Tumbuhan;Tumbuhan Dan Daging;#;D;;
4;Bagian Tumbuhan Yang Fungsinya Untuk Menyerap Air Dan Unsur Hara Dari Tanah...;Batang;Ranting;Daun;Akar;#;D;;
4;"Tulang manusia terdiri dari 206 tulang keras,jumlah tulang kelangkang yaitu ...";1;3;2;4;#;A;;
4;Penyakit yang dapat mengakibatkan kelumpuhan adalah penyakit...;polio;lordosis;kifosis;oestoporosisi;#;A;;
4;Kelaianan rangka dapat disebabkan oleh penyakit dan kebiasaan...;bentuk tubuh;bentuk rangka;sikap tubuh;fungsi rangka;#;B;;
4;Bagian mata yang dapat didonorkan pada orang lain adalah ...;sclera;kornea;bola mata;kelopak mata;#;B;;
4;Penyakit yang diakibatkan kekurangan vitamin D adalah penyakit...;beri -- beri;rakitis;TBC;polio;#;B;;
4;Bagian akar yang fungsinya menyerap air dan mineral adalah...;akar rambut;akar nafas;tudung akar;inti akar;#;A;;
4;Tanaman pisang memiliki batang dengan jenis batang...;berkayu;basah;rumput;berkambium;#;C;;
4;Suara yang dapat didengar manusia adalah suara yang mempunyai frekuensi...;20 -- 20.000 Hz;40 -- 20.0000 Hz;20 -- 20.000 Hz;20 -- 30.000 Hz;#;A;;
4;"Tumbuhan yang mempunyai ciri - ciri tidak bercabang,tidak mempunyai kambium berakar...";tunggang;tunjang;gantung;serabut;#;D;;
4;Pembuluh yang fungsinya mengangkut air dan mineral dari dalam tanah adalah...;pembuluh Floem;pembuluh Xilem;pembuluh Batang;pembuluh nadi;#;B;;
4;Tulang pada daun yang bentuknya seperti jari - jari manusia (menjari) adalah...;tulang daun nangka;tulang daun enceng gondok;tulang daun jagung;tulang daun pepaya;#;D;;
4;Proses pembuatan makanan pada tumbuhan disebut...;stomata;tespirasi;klorofil;fotosintesa;#;D;;
4;Bagian bunga yang mempunyai berbagai warna yang menarik yaitu...;kelopak bunga;putik;benang sari;mahkota bunga;#;D;;
4;Fungsi utama bunga adalah...;tempat menyimpan makanan;alat perkembang biakan;tempat pembuatan makanan;makanan serangga;#;B;;
4;"Beruang,ayam dan tikus,merupakan contoh hewan pemakan segala,hewan tersebut disebut...";carnifora;omnivora;herbivora;Langka;#;B;;
4;"Gigi pada harimau,yang fungsinya untuk merobek atau mengoyak makanan adalah...";gigi seri;gigi taring;gigi geraham;gigi susu;#;B;;
4;Bagian bunga yang merupakan alat kelamin betina adalah...;putik;benang sari;mahkota bunga;kelopak bunga;#;A;;
4;Hewan yang makanannya pucuk pohon bambu adalah...;beruang;panda;burung hantu;tikus;#;B;;
4;Bagian kulit manusia yang sangat peka adalah...;kulit pada pipi;kulit pada hidung;kulit pada kaki;kulit pada ujung jari;#;D;;
4;Pembuluh darah yang mengaliri darah dari jantung adalah;pembuluh vena;pembuluh kapiler;pembuluh nadi;pembuluh balik;#;C;;
4;Hewan yang beradaptasi dengan cara memutuskan sebagian ekornya adalah ...;cicak;kecoa;trenggiling;landak;#;A;;
4;Tumbuhan teratai yang hidup di air memiliki daun yang lebar untuk mempercepat air dari dalam tubuhnya.;pembekuan;penguapan;pendinginan;penambahan;#;B;;
4;Alat pernapasan manusia terdiri atas ...;hidung-tenggorokan-jantung;hidung-tenggorokan-hati;hidung-tenggorokan-paru-paru;hidung-kerongkongan-paru-paru;#;C;;
4;Ruang jantung yang berfungsi memompa darah ke paru-paru adalah...;serambi kanan;serambi kiri;bilikkanan;bilik kiri;#;C;;
4;"Seekor anjing atau kucing jika tidur ketika dingin akan menggulungkan badannya, tujuannya untuk";menjaga badan tetap hangat;melindungi diri dari bahaya;menyesuaikan tempat yang sempit;kegemaran dan kepuasan tidur;#;A;;
4;Hasil proses fotosintesis pada tumbuhan hijau adalah ...;karbon dioksida dan karbohidrat;karbon dioksida dan oksigen;oksigen dan air;karbohidrat dan oksigen;#;D;;
4;Berbagai makhluk hidup berbeda yang tinggal bersama dalam suatu lingkungan tertentu disebut ...;populasi;ekosistem;komunitas;habitat;#;C;;
4;Tumbuhan hijau membuat makanan sendiri melalui proses ...;metaboiisme;fotosintesis;respirasi;transpirasi;#;B;;
4;"Berikut ini tanaman yang menyimpan cadangan makanannya di dalam akar, kecuali ...";wortel;kentang;singkong;apel;#;D;;
4;"Fungsi darah, antara lain ...";mengangkut sari makanan dan oksigen;membentuk makanan di dalam tubuh;menukaroksigen keluar tubuh;Membuang oksigen keluar tubuh;#;A;;
4;Alat pernapasan pada manusia adalah ...;lambung;mulut;paru-paru;jantung;#;C;;
4;Cacing tanah bernapas menggunakan ...;insang;paru-paru;trakea;kulit;#;D;;
4;Tekanan darah tinggi disebut ...;hipertensi;stroke;shock;kolesterol;#;A;;
4;Kelebihan lemak di dalam darah menyebabkan penyakit ...;diabetes;varises;hipertensi;hipotensi;#;C;;
4;Tempat terjadinya proses fotosintesis pada ...;akar;batang;daun;buah;#;C;;
4;Makanan cadangan pada tanaman jahe disimpan pada ...;akar;daun;biji;batang;#;D;;
4;"Contoh hewan yang hidupnya di dalam air, yaitu ...";cecak dan kadal;katak dan kelinci;mujair dan buaya;ikan dan udang;#;D;;
4;Tempat hidup makhluk hidup disebut ...;adaptasi;habitat;populasi;ekologi;#;B;;
4;"Benda yang tersusun dari bahan kayu, paku, dan cat adalah ...";tikar;kursi;piring;gorden;#;B;;
4;"Sebelum melakukan olahraga, sebaiknya kita melakukan ...";Pemanasan;Pendinginan;Perlombaan;Pertunjukan;#;A;;
4;Posisi kedua tangan saat duduk selonjor mencium lutut adalah ...;Memegang ujung kaki;Dipinggang;Diperut;Memegang lutut;#;A;;
4;"Saat mencium lutut, posisi lutut...";Tertekuk;Lurus;Bengkok;Diangkat;#;B;;
4;Posisi kepala saat mengambil nafas dalam renang adalah ...;Mengarah ke depan;Miring ke samping;Mengarah kebawah;Tengadah;#;B;;
4;Untuk menjaga kebersihan kolam kita harus ...;Makan dikolam;Kencing dikolam;Buang ingus dikolam;Tidak makan dikolam;#;D;;
4;Kegiatan berkemah dilakukan di ...;Kelas;Gedung;Aula;Luar sekolah;#;D;;
4;Berkemah untuk melatih ...;kesabaaran;Keikhlasan;Kemandirian;Ketenangan;#;C;;
4;Buang air besar sembarangan akan membuat lingkungan ...;Aman;Nyaman;Tercemar;Sehat;#;C;;
4;Penularan penyakit demam berdarah melalui...;Gigitan nyamuk;Udara;Sentuhan;Kontak langsung;#;A;;
4;Lari cepat disebut juga ...;Sprint;Sit up;Back up;Joging;#;A;;
4;Kasti termasuk jenis permainan...;perorangan;beregu;massal;sendiri;#;B;;
4;Jumlah pemain kasti adalah...;12;13;14;15;#;A;;
4;Teknik dasar dalam kasti adalah...;melempar;menyundul;menendang;mendorong;#;A;;
4;Melempar dan menangkap serta memukul adalah salah satu teknik bermain;tennis;catur;kasti;game;#;C;;
4;Sepak bola merupakan bentuk permainan...;Ganda;Tunggal;Perorangan;beregu;#;D;;
4;Lama pertandingan sepak bola dalam satu babak adalah...;20 menit;30 menit;45 menit;90 menit;#;C;;
4;Jumlah pemain dalam permainan sepak bola adalah...;9 orang;10 orang;11 orang;12 orang;#;C;;
4;Induk semua cabang olahraga adalah...;bela diri;senam;atletik;permainan;#;C;;
4;Lompat melewati kardus untuk melatih...;kekuatan;kelentukan;keseimbangan;daya tahan;#;B;;
4;Pada saat melempar pandangan mata ke...;atas;bawah;depan;belakang;#;C;;
4;Pelari mulai berlari pada saat aba -- aba...;oke;siap;bersedia;ya;#;D;;
4;Dalam gerakan duduk mencium lutut kedua kaki rapat dan...;lurus;diangkat;ditekuk;jongkok;#;A;;
4;Lompat tali beregu dilakukan paling sedikit...orang;1;2;3;4;#;C;;
4;"Pada saat kaki menyentuh tanah, kaki…";jongkok;meloncat;diluruskan;ditekuk;#;D;;
4;Loncat berputar 180 derajat untuk melatih...;keseimbangan;kekuatan;kelentukan;daya tahan;#;A;;
4;Senam dapat dilakukan oleh...;anak - anak;remaja;orang tua;semua orang;#;D;;
4;Gerakan berguling termasuk senam...;irama;aerobik;lantai;musik;#;C;;
4;Senam irama adalah senam yang menggunakan...;aba - aba;peluit;lantai;musik;#;D;;
4;Senam ""Ayo Bangkit"" termasuk senam...;aerobik;ketangkasan;irama;alat;#;C;;
4;Renang termasuk jenis olahraga...;permainan;air;bela diri;atletik;#;B;;
4;Etika dalam renang untuk menjaga...;kelemahan;kekuatan;kecepatan;keselamatan;#;D;;
4;Berkemah dilaksanakan di alam...;tertutup;semesta;terbuka;dunia;#;C;;
4;Tujuan berkemah untuk melatih...;keseimbangan;kekuatan;kelentukan;kemandirian;#;D;;
4;Kebersihan pangkal dari...;kesehatan;ketahanan;kekuatan;keselamatan;#;A;;
4;Halaman di sapu dengan...;Sapu lidi;kemoceng;sapu ijuk;sikat kawat;#;A;;
4;Olahraga yang bertujuan untuk melatih otot perut adalah...;Lari;Renang;Back up;Congklak;#;C;;
4;Pemain bola volly berjumlah ... orang;5;6;7;8;#;B;;
4;Sepak bola merupakan bentuk permainan...;Perorangan;Beregu;Tunggal;Individu;#;B;;
4;Pemimpin regu/tim disebut ...;Kapten;Pemain;Libero;Wasit;#;A;;
4;Tujuan utama melakukan olahraga adalah untuk memperoleh...;Nafkah;Nilai;Pujian guru;Kesegaran jasmani;#;D;;
4;Senam yang dalam gerakanya diiringi dengan irama musik atau ketukan termasuk senam...;Irama;lansia;lantai;salsa;#;A;;
4;Senam irama merupakan perpaduan antara gerakan...;Tari dan olahraga;Dansa dan lompat;Lompat dan lari;angkat dan putar;#;A;;
4;Musik yang dipergunakan untuk mengiringi gerakan senam irama haruslah berirama...;Lembut;santai;riang gembira;keras;#;C;;
4;Pada saat melakukan jalan di tempat pandangan mata di arahkan ke ...;Depan;bawah;samping kiri;samping kanan;#;A;;
4;Jumlah pemain sepak bola ... orang.;10;11;12;13;#;B;;
4;Peregangan berguna untuk ...;Ketangkasan;menghindari cidera;kekuatan;kecepatan;#;B;;
4;Alat yang di gunakan dalam latian lompat tali berupa...;Kawat;senar;tali karet;terpal;#;C;;
4;Posisi badan pada waktu melakukan push up adalah...;Terlentang;jongkok;telungkup;tidur;#;C;;
4;Pada gerakan duduk mencium lutut kedua kaki rapat dan...;Di tekuk;diangkat;diluruskan;bersila;#;C;;
4;Saat melakukan push up tumpuan gerakan pada ...;Paha;kedua tangan;siku;perut;#;B;;
4;"Agar otot tidak kaku, sebelum berolah raga kita melakukan latihan ...";lari;renang;jogging;pemanasan;#;D;;
4;Berikut yang bukan gaya renang adalah gaya ...;Bebas;dada;kupu-kupu;batu;#;D;;
4;Tujuan berkemah adalah untuk ...;Melatih kemandirian;Bersenang-senang;Melatih hidup terasing;jauh dari orang tua;#;A;;
4;Kegiatan berkemah yang biasanya di isi aneka ragam atraksi keterampilan olahraga dan seni adalah ...;Jelajah alam;halang rintang;api unggun;jurit malam;#;C;;
4;Kegiatan berkemah intinya hidup di ...;Luar rumah;alam bebas;halaman;kamar;#;B;;
4;Gerakan cinta alam dapat kita lakukan dengan ...;Berlibur;menanam pohon;bermain;upload foto;#;B;;
4;Nyamuk penyebab demam berdarah yaitu ...;Aeropheles;plasmodium;aedes aegypti;malaria;#;C;;
4;Air menggenang menjadi sarang ...;Lalat;nyamuk;semut;kumbang;#;B;;
4;Jumlah pemain kasti adalah ...;5;6;11;12;#;D;;
4;Lama istirahat permainan kasti adalah ...;10 menit;20 menit;30 menit;45 menit;#;B;;
4;Kebanyakan bola tenis meja terbuat dari bahan ...;kayu;mika;celluloid;karet;#;C;;
4;Nilai sama 20-20 pada tenis meja disebut ...;out;game poin;game;deuce;#;D;;
4;"Lari, lompat, jalan, dan lempar termasuk gerak dasar ...";atletik;senam ritmik;senam lantai;sepak bola;#;A;;
4;Gaya flop dan gunting merupakan gaya-gaya dalam ...;lompat tinggi;lompat jauh;lari jarak pendek;basket;#;A;;
4;Daya tahan tubuh sering dikenal dengan istilah ...;strength;endurance;agility;speed;#;B;;
4;Latihan saling menarik teman dapat meningkatkan ...;kecepatan;kekuatan tubuh;kelenturan otot;daya tahan tubuh;#;C;;
4;Tumpuan badan saat posisi merangkak adalah pada ...;kepala;kedua tangan;kedua kaki;perut;#;B;;
4;Melenturkan otot berguna mencegah ...;sakit badan;sakit kepala;cidera;luka-luka;#;C;;
4;Latihan duduk di bahu teman melatih kekuatan ...;otot bahu dan kepala;otot tangan dan kaki;otot pinggang dan kaki;otot bahu dan kaki;#;D;;
4;Lari dengan jarak 600 meter dapat melatih ...;kekuatan otot;kecepatan;kelenturan otot;daya tahan tubuh;#;D;;
4;Senam lantai berguna melatih ...;ketangkasan;kecepatan;keseimbangan;kekuatan;#;A;;
4;Guling depan termasuk senam lantai ...;berirama;tanpa irama;menggunakan alat;tanpa alat;#;D;;
4;Posisi dagu pada guling depan adalah menempel di ...;matras;pangkal leher;perut;kaki;#;B;;
4;Saat melewati kuda-kuda posisi kedua kaki adalah ...;dirapatkan;direntangkan;disejajarkan;ditarik ke belakang;#;A;;
4;Berikut ini bukan alat yang digunakan dalam senam lantai adalah ...;boks;mistar;kuda-kuda;balok titian;#;D;;
4;Sikap awalan guling belakang adalah ...;lari pelan-pelan;sikap sempurna;berdiri tegak;jongkok;#;D;;
4;Senam meliputi gabungan berbagai macam ...;permainan;olahraga;gerak;musik;#;C;;
4;Pandangan mata saat jalan di tempat adalah ...;lurus ke depan;lurus ke belakang;lurus ke samping;lurus ke bawah;#;A;;
4;Hewan yang menjadi perantara penyakit chikungunya adalah ...;Tikus;nyamuk;burung;cicak;#;B;;
4;Pukulan pertama untuk memulai permainan bola volly disebut ...;Passing atas;passing bawah;servis;shooting;#;C;;
4;Alat yang digunakan untuk latihan berguling adalah ...;Matras;peti lompat;simpai;tongkat;#;A;;
4;Dalam setiap berolah raga selalu di lakukan peregangan yang berguna untuk ...;Ketangkasan;kekuatan;menghindari cidera;bergaya;#;C;;
4;Seorang dalam kegiatan berkemah harus bersikap ...;"Jujur, pantang menyerah, dan mandiri";Jujur dan mudah menyerah;Ceroboh;abai;#;A;;
4;Olahraga permainan yang mirip dengan keepers adalah ...;Softball;Baseball;Kasti;Bola bakar;#;C;;
4;Tolak peluru termasuk cabang olahraga ...;Senam;Atletik;Air;Permainan;#;B;;
4;Tolak peluru merupakan cabang olahraga atletik di nomor ...;Lempar;Tolak;Lari;Lompat;#;B;;
4;Squat Jump berguna untuk kekuatan otot  ...;Perut;Kaki;Leher;Punggung;#;B;;
4;Latihan senam lantai menggunakan alat ...;Tikar;Matras;Karpet;Tali;#;B;;
4;Latihan pemanasan disebut juga dengan ...;Warming Up;Joging;Maraton;Stretching;#;A;;
4;Jumlah pemain sepak bola adalah...;10;9;11;6;#;C;;
4;Jumlah pemain kippers adalah... orang;13;11;12;8;#;C;;
4;Penjaga gawang dalam permainan bola kaki disebut...;Gelandang;Bek;Penyerang;Kipper;#;D;;
4;Posisi badan pada gaya bebas dalam renang adalah...;Tidur;Miring;Telungkup;Tenggelam;#;C;;
4;Kemampuan otot untuk melakukan usaha dalam jangka waktu yang cepat disebut ...;daya tahan;keseimbangan;kekuatan dengan kecepatan;kelentukan dengan kecepatan;#;C;;
4;Gerakan siswa berlari di tempat dilakukan pada kode hitungan ...;pertama;kedua;ketiga;keempat;#;A;;
4;Gerakan melompat ke depan dilakukan dengan cara menumpu pada kedua ...;tangan;kaki;lutut;paha;#;B;;
4;Bagian tubuh yang dilatih saat menggerakkan kepala adalah ...;otot kaki;otot tangan;otot leher;otot lutut;#;C;;
4;Kelentukan otot lengan;lompat kangkang sambil tepuk tangan;lompat di tempat;berjalan di atas balok kayu;mengangkat paha;#;A; pinggang; dan kaki dilatih dengan latihan ...
4;"Berikut ini bukan termasuk unsur-unsur senam ketangkasan, yaitu ...";keseimbangan;kelincahan;kelenturan;kelemahan;#;D;;
4;Sikap kaki teman saat membantu sikap lilin adalah posisi ...;jongkok;dibuka kangkang;diluruskan;berlutut;#;A;;
4;Kedua tangan saat sikap lilin berguna untuk menopang ...;kepala;kaki;berat badan;pinggul;#;D;;
4;Karet gelang yang diuntai dapat digunakan sebagai alat permainan ...;egrang;lompat tali;tarik tambang;lompat kangkang;#;B;;
4;"Setelah melewati kuda-kuda, posisi kaki saat mendarat adalah ...";mengeper;dibuka lebar;melayang;diraptkan;#;A;;
4;Guling lenting termasuk dalam contoh ...;senam lantai tanpa alat;senam lantai dengan alat;senam irama tanpa alat;senam irama dengan alat;#;A;;
4;Sikap badan pada waktu melompat ke samping adalah ...;tegak;condong ke depan;condong ke kanan;serong ke kiri;#;A;;
4;Pandangan saat mengayunkan tangan kanan menyentuh ujung jari kaki kiri menuju ke ...;depan;belakang;tangan kiri;tangan kanan;#;A;;
4;Salah satu olahraga air yang bisa dilombakan adalah ...;balet;estafet;tenis meja;renang;#;D;;
4;"Demi menjaga keselamatan, gerakan meluncur dilakukan di ...";air dalam;tempat dangkal;tempat curam;darat;#;B;;
4;Gaya bebas membutuhkan gerakan ... untuk bergerak.;lengan;lutut;kaki;tungkai;#;A;;
4;Tempat tinggal sementara untuk berkemah adalah ...;gubuk;tenda;poskamling;sekolah;#;B;;
4;Kayu bakar digunakan dalam aktivitas ...;tarik tambang;mencari jejak;api unggun;mendirikan tenda;#;C;;
4;Industri rumah tangga dapat menghasilkan limbah ...;cair;gas;padat;tanah;#;A;;
4;Sampah yang dibiarkan saja dapat menjadi ...;sumber gizi;sumber penyakit;kering;zat kimia;#;B;;
4;Bentuk lapangan kasti ...;Empat persegi panjang;Segi lima beraturan;Segi tiga sama sisi;Linkaran berangkai;#;A;;
4;Pada permainan bola kasti masing -- masing regu terdiri atas  ...;11 pemain;12 pemain;6 pemain;8 pemain;#;B;;
4;"Pada permainan kasti, apabila pemain memukul bola dengan keras dan dapat langsung kembali ke ruang bebas mendapat nilai …";1;2;3;4;#;B;;
4;"Teknik dasar permainan kasti : 1. melempar bola 2. Menangkap bola 3. Memukul bola 4. Berlari Berdasarkan keterangan di atas,manakah tehnik yang pertama digunakan regu pemain dalam permainan kasti ...";melempar bola;menankap bola;memukul bola;berlari;#;C;;
4;Atletik berasal dari bahasa yunani yaitu " Athlon " yang berarti ...;berlari;berlomba atau bertanding;"lari,lompat,lempar";berjuang;#;B;;
4;Lari pelan sering didebut ...;joging;sprint;lari bersama;lari sedang;#;A;;
4;Pada lari cepat sangat mengandalkan ...;ketahanan tubuh;Kecepatan;kekuatan;Kecepatan dan kekuatan;#;D;;
4;Tahapan secara urut dalam lompat jauh yang harus di kuasai adalah ...;"awalan, akhiran, melayang, mendarat";"awalan, mendarat, tolakan, melayang";"awalan, tolakan, melayang, mendarat";"awalan,tolakan, mendarat, melayang";#;C;;
4;Gaya dalam lompat tinggi : - Guling perut - Guling sisi - Guntig - Tergeletak - perahu Manakah yang bukan termasuk gaya dalam lompat tinggi ...;Guling perut;Guling sisi;Gunting;Perahu;#;D;;
4;Berapa lama waktu pertandingan sepak bola ...;2 x 45 menit;3 x 45 menit;4 x 45 menit;5 x 45 menit;#;A;;
4;Diameter lingkaran garis tengah lapangan sepak bola ...;"9,19 m";"9,15 m";"9,17 m";"9,16 m";#;B;;
4;Ukuran lebar lapangan sepak bola adalah ...;64 -- 78 m;64 -- 87 m;46 -- 78 m;46 -- 87 m;#;A;;
4;"Kemampuan menendang bola dapat dilakukan dengan kaki bagian berikut, kecuali ...";kaki bagian punggung;Kaki bagian luar;kaki bagian dalam;Telapak kaki;#;D;;
4;Jumlah pemain sepak bola setiap timnya adalah ...;9 pemain;10 pemain;11 pemain;12 pemain;#;C;;
4;Lari santai mengelilingi lapangan sekolah adalah salah satu latihan yang bertujuan untuk ...;melatih dayatahan tubuh;Melati kesembangan;melati kecepatan;Melati kebiasaan;#;A;;
4;Tujuan gerakan sit up adalah ...;melatih kekuatan lengan;melatih kekuata perut;melatih kekuatan otot kaki;melati kekuatan otot pinggang;#;B;;
4;"Untuk melatih kekuatan lengan dan bahu, dapat di lakukan dengan latihan ...";sit up;Pull up;push up;lari;#;C;;
4;Latihan koordinasi dapat di lakukan dengan ...;mendorong bola kedinding;mendorong teman ke dinding;mengecoh teman ke dinding;memantulkan bola ke dinding;#;D;;
4;Berikut macam-macam senam ... - loncat -- loncat di tempat - Hand stand - Head Stand - Lompat kangkang Dari keterangan di atas manakah yang Bukan termasuk senam lantai tanpa alat ...;loncat -- loncat di tempat;Hand stand;Head stan;Lompat kangkang;#;A;;
4;head stand adalah sikap tegak bertumpu pada ...;kepala;Tangan;punggung;kaki;#;A;;
4;Sikap awal latihan head stand adalah ...;duduk / jongkok;Berdiri tegak;membungkuk;Berdiri dengan tangan;#;A;;
4;apa alat yang di gunakan dalam melakukan geraka lompat kangkang ...;palang tunggal;palang sejajar;pagar sekolah;peti lompat;#;D;;
4;bagian tubuh manakah yang bersentuhan dengan matras setelah kedua tangan pada gerakan guling depan ...;kepala;Tengkuk leher;pinggang;kaki;#;B;;
4;Irama pada senam ritmik bisa berupa ...;lagu;Gerakan;ayunan lengan;sorak;#;A;;
4;Hitungan ke-1 gerak ritmik terstruktur beregu adalah ...;ayunkan kaki kanan ke depan;ayunkan kaki kiri ke depan;langkahkan kaki kanan ke depan;langkahkan kaki kanan ke belakang;#;C;;
4;"Berikut ciri - ciri lingkungan bersih, Kecuali ...";bebas dari sampah;Saluran air lancer;memiliki air bersih;Memiliki pemandangan;#;D;;
4;Kebersihan lingkungan sekolah adalah tanggung jawab ...;pribadi;Semua warga sekolah;pemeritah;Petugas sekaolah;#;B;;
4;"Secara umum sampah dapat dibedakan menjadi tiga seperti dibawah ini, Kecuali...";Sampah basah atau sampah organic;Sampah kering atau sampah anorganik;Sampah tidak berbahaya atau asap;Sampah berbahaya;#;C;;
4;Cara mengatasi permasalahan sampah adalah ...;sanitary landfill;buang ke sungai;dibuang di tempat kosong;dibuang ke selokan;#;A;;
4;"Seorang pemain sepakbola yang melakukan pelanggaran berat diberi kartu merah, maka hukuman baginya ...";Masih diperbolehkan main;Harus memohon maaf pada wasit;Harus keluar dari arena permainan;Melakukan tendangan bebas;#;C;;
4;Tendangan bola yang dilakukan dari depan gawang disebut ...;Penalty;Corner kick;Goal kick;Offside;#;A;;
4;Seorang pemain sepakbola yang terkena kartu kuning berarti telah melakukan ...;Pelanggaran;Cormer kick;Tendangan gawang;Lemparan kedalam;#;A;;
4;Lapangan permainan kasti mempunyai lebar ...meter;20;30;40;50;#;B;;
4;Permainan sepak bola berasal dari negara ...;Inggris;Swedia;Prancis;Jerman;#;A;;
4;Sepak bola merupakan cabang olahraga ...;Senam;Beladiri;Atletik;Permainan;#;D;;
4;Olahraga yang paling popular didunia adalah ...;Renang;Voli;Sepak bola;Wushu;#;C;;
4;Sikp bersedia mengakui keunggulan lawan disebut ...;Jujur;Sportivitas;Konsisten;Anarki;#;B;;
4;Tolak peuru merupakan cabang atletik nomor apa ...;Lempar;Lari;Lompat;Jalan;#;B;;
4;Lebar lintasan lari adalah ... meter;"1,22";"1,23";"1,24";"1,26";#;A;;
4;Jumlah pemain rounders /kasti setiap regunya ...;5 orang;16 orang;12 orang;6 orang;#;C;;
4;Hak memukul setiap pemain rounders /kasti setiap regunya berapa kali ...;1x;2x;3x;4x;#;A;;
4;Pelari jarak pendek disebut juga...;Kipper;Striker;Gelandang;Sprinter;#;D;;
4;Bahan untuk membuat bola kasti adalah ...;Karet;Plastik;Karet dan sabut;Besi;#;C;;
4;Penjaga gawang pada olahraga sepakbola disebut ...;Bouwler;Kipper;Piecher;Supporter;#;B;;
4;"Untuk melakukan gerakan katak melompat, posisi badan adalah ...";Berdiri tegak;Tidur terlentang;Jongkok;Tengkurap;#;C;;
4;Menirukan gerakan katak melompat memperkuat otot ...;Paha/kaki;Leher;Bahu/tangan;Perut;#;A;;
4;Di bawah ini merupakan gerkan yang melatih kekuatan adalah ...;Katak melompat;Menggendong teman;Lompat tali;Meniru gaya ular meliuk;#;B;;
4;Menarik dan mendorong menggunakan ...;Tangan;Kaki;Kepala;Badan;#;A;;
4;Olahraga yang baik dilakukan secara ...;Berlebihan;Seenaknya;Sesempatnya;Teratur;#;D;;
4;Perilaku yang mencerminkan cinta budaya Indonesia adalah...;membeli majalah luar negeri;menonton film Mandarin;mengoleksi lagu-lagu Barat;menonton tari Bali di TMII;#;D;;
4;Kepala pemerintahan yang ditentukan oleh pemerintahan di atasnya adalah...;kepala desa;bupati;camat;gubernur;#;C;;
4;Budaya adalah...;moral dan etika;etika dan norma;pikiran dan akal budi;pikiran dan akal sehat;#;C;;
4;Tugas Badan Permusyawaratan Desa antara lain...;memilih kepala desa;membantu tugas kepala desa;mengawasi kerja pemerintah desa;melindungi kepala desa dari bahaya;#;C;;
4;Media yang paling cepat memberikan informasi adalah...;majalah;internet;radio;televisi;#;B;;
4;"Setelah dipilih dan diangkat, kepala desa memegang jabatannya selama...";tiga tahun;sembilan tahun;enam tahun;duapuluh tahun;#;C;;
4;Membentengi diri dari pengaruh buruk globalisasi dapat dilakukan dengan...;banyak membaca;mengontrol diri;memperdalam agama;mengikuti perkembangan zaman;#;B;;
4;Kepala desa menyampaikan laporan pemerintahannya kepada...;BPD;bupati;camat;lurah;#;A;;
4;Globalisasi artinya...;dunia;mendunia;berkomunikasi;berhubungan;#;B;;
4;Kepala pemerintahan yang setara tingkatannya dengan kepala desa adalah...;lurah;bupati;camat;gubernur;#;A;;
4;Presiden RI dipilih oleh...;MPR;DPR;MA;rakyat melalui pemilu;#;D;;
4;Yang berhak mengangkat dan memberhentikan camat adalah...;Dewan Permusyawaratan Kecamatan;warga kecamatan;para kepala desa;bupati;#;D;;
4;Camat melaporkan keberhasilan tugasnya kepada...;para kepala desa;perangkat kecamatan;para lurah;Bupati;#;D;;
4;Hak presiden untuk mengangkat dan memberhentikan menterinya disebut...;hak angket;hak interpelasi;hak prerogatif;hak asasi;#;C;;
4;Jabatan yang tidak termasuk perangkat daerah kabupaten adalah...;camat;sekretaris daerah kabupaten;kepala desa;lurah;#;C;;
4;"Dalam menjalankan tugasnya, para menteri bertanggung jawab kepada...";DPD;MPR;DPR;Presiden;#;D;;
4;Berikut ini yang merupakan tugas Dewan Perwakilan Rakyat Daerah (DPRD) Kabupaten adalah...;memimpin pemerintahan kabupaten mendampingi bupati;membantu tugas pemerintahan bupati di kecamatan;membuat dan mengusulkan peraturan daerah;menggantikan tugas bupati jika berhalangan;#;C;;
4;"Untuk membantu tugas-tugasnya, presiden mengangkat...";wakil presiden;para menteri;gubernur;staf presiden;#;B;;
4;Pemerintahan setingkat kabupaten yang terletak di wilayah perkotaan dipimpin oleh...;pembantu bupati;gubernur;wali kota;presiden;#;C;;
4;"Sistem untuk menjalankan wewenang dan kekuasaan dalam mengatur kehidupan sosial, ekonomi, dan politik suatu negara disebut...";pemerintah;kepemimpinan;penguasa;kewenangan;#;A;;
4;Masa jabatan Presiden RI selama...tahun.;empat;lima;enam;tujuh;#;B;;
4;Bupati tidak dapat dipilih lagi jika telah bertugas sebanyak...;satu kali masa jabatan;tiga kali masa jabatan;dua kali masa jabatan;empat kali masa jabatan;#;C;;
4;"Dalam menjalankan tugasnya, gubernur bertanggung jawab kepada...";presiden;rakyat;DPRD;Mendagri;#;A;;
4;Manakah tindakan yang boleh dilakukan oleh seorang bupati dan anggota DPRD?;Melakukan korupsi.;Menerima gaji sesuai dengan haknya.;Memperkaya diri sendiri dengan cara yang tidak benar.;Mengutamakan kepentingan pribadi dan keluarganya di atas kepentingan rakyat.;#;B;;
4;Masa jabatan presiden berlangsung selama...tahun;2;3;4;5;#;D;;
4;Yang berhak memilih presiden adalah...;Menteri;DPR;Rakyat;wakil presiden;#;C;;
4;Presiden Republik Indonesia yang ke-2 adalah...;Ir. Soekarno;B. J. Habibie;Soeharto;KH. Abdurrahman Wahid;#;B;;
4;Pemilihan calon presiden dan wakil presiden diusulkan oleh...;Partai Politik;DPR;MPR;Masyarakat Rakyat;#;A;;
4;Presiden mempunyai wewenang untuk memberikan amnesti. Amnesti adalah...;Pengurangan masa hukuman;Pemulihan nama baik;Penghapusan tuntutan pidana;Pengampunan kepada orang yang telah dijatuhi hukuman;#;D;;
4;DPR singkatan dari...;Dewan Permusyawaratan Rakyat;Dewan Pemilihan Rakyat;Dewan Rakyat;Dewan Perwakilan Rakyat;#;D;;
4;DPD kependekan dari ...;Dewan Pimpinan Daerah;Dewan Perwakilan Daerah;Dewan Penasihat Daerah;Dewan Pembina Daerah;#;B;;
4;Salah satu tugas Mahkamah Konstitusi adalah ...;menangani sengketa kewenangan lembaga negara;menangani sengketa tanah;mengawasi hakim pengadilan;menangani laporan tindak pidana dan perdata;#;A;;
4;Lembaga negara yang tugas pokoknya mengawasi jalannya pemerintahan adalah ...;DPD;DP;presiden;MPR;#;D;;
4;Mengawasi jalannya pemerintahan disebut fungsi ...;legislasi;anggaran;pengawasan;mengeluarkan pendapat;#;C;;
4;Seorang kepala desa dibantu oleh ...;kepala dusun;ketua Rukun Tetangga (RT);sekretaris desa;wakil kepala desa;#;C;;
4;Aparat yang bertugas menjaga keamanan wilayah kecamatan dari gangguan adalah ...;koramil;sekdes;sekcam;kepala dusun;#;A;;
4;Kepala desa dilantik oleh ...;gubernur;presiden;walikota;camat;#;D;;
4;Pemerintahan kota dipimpin oleh seorang ...;gubernur;walikota;bupati;camat;#;B;;
4;Wilayah kabupaten merupakan gabungan dari beberapa ...;desa;kelurahan;kota;kecamatan;#;D;;
4;Pemerintahan kabupaten di pimpin oleh ...;gubernur;walikota;camat;bupati;#;D;;
4;Di Indonesia terjadi pemekaran provinsi. Jumlah provinsi di Indonesia pada 2008 adalah ...;33 provinsi;34 provinsi;35 provinsi;36 provinsi;#;A;;
4;Dalam menjalankan tugasnya gubernur bertanggung jawab kepada ...;mendiknas;presiden;DPRD;mendagri;#;B;;
4;Membuat peraturan daerah (perda) merupakan tugas dan wewenang ...;DPRD;MPR;DPR;Presiden;#;A;;
4;Anggota DPRD berasal dari ...;kecamatan;kepala desa;sekolah;partai politik;#;D;;
4;Walikota adalah kepala daerah tingkat kota setara dengan ...;camat;bupati;gubernur;lurah;#;B;;
4;Sekolah negeri atau swasta menjadi tanggung jawab dinas ...;transmigrasi;tenaga kerja;perhubungan;pendidikan;#;D;;
4;Pemerintahan di kecamatan dipimpin oleh seorang ...;camat;bupati;gubernur;walikota;#;A;;
4;Kepala daerah dan DPRD bekerja sama dalam hal ...;menetapkan kepala daerah;menetapkan peraturan daerah;mengawasi peraturan daerah;pengangkatan pegawai;#;B;;
4;Sekretaris daerah dalam menjalankan tugasnya bertanggung jawab kepada ...;DPRD;dinas daerah;polisi pamong praja;bupati;#;D;;
4;Kepolisian yang ada di kabupaten/kota disebut ... .;polda;koramil;polres;polri;#;C;;
4;Hak angket merupakan hak dari DPRD untuk ...;mengadakan penyelidikan;bertanya;menyatakan secara tertulis;surat-menyurat;#;A;;
4;Seorang kepala desa berhak memangku jabatannya selama ...;tiga tahun;empat tahun;lima tahun;enam tahun;#;D;;
4;Setiap daerah berhak untuk mengurus daerahnya sendiri. Pernyataan tersebut adalah pengertian dari ... .;keleluasaan daerah;otonomi daerah;kebebasan daerah;kekuasaan daerah;#;B;;
4;Wilayah yang terdiri atas beberapa kabupaten disebut . . . .;kelurahan;kecamatan;kota;provinsi;#;D;;
4;Warna putih pada bendera Indonesia berarti...;Suci;Berani;Perkasa;Kuat;#;A;;
4;Warna kuning pada lampu lalu lintas berarti ...;Berhenti;Berjalan;Hati-hati;Pelan-pelan;#;C;;
4;Kolase adalah dari unsur ...;Warna;Bidang;Tekstur;Bentuk;#;B;;
4;Garis paranada berjumlah...;4;5;6;7;#;B;;
4;Tempat penulisan not balok di sebut...;Garis paranada;Spasi;Garputala;Not angka;#;A;;
4;Alat musik yang di tiup adalah...;Gendang;Gitar;Piano;Seruling;#;D;;
4;Di bawah ini yang termasuk lagu wajib adalah...;Bintang kecil;Balonku;Satu nusa satu bangsa;Lagu apuse;#;C;;
4;Gambar yang di buat berdasarkan khayalan di sebut...;Gambar dekoratif;Gambar imajinatif;Gambar ilustrasi;Gambar ekspresi;#;B;;
4;Menggambar merupakan salah satu bentuk...;Kekesalan;ekspresi diri;Keramaian;Kejenuhan;#;B;;
4;Gambar yang diwarnai akan menjadi lebih ...;Menarik;Jelek;Besar;Kecil;#;A;;
4;Gambar ketupat biasa digunakan sebagai gambar dekoratif pada ...;Kartu ulang tahun;Kartu Penduduk;Kartu Lebaran;Kartu natal;#;C;;
4;Notasi 3 4 6 7 di baca...;Do re mi fa;Re mi fa sol;Fa sol la si;Mi fa la si;#;C;;
4;Notasi sol fa mi re di tulis...;1 2 4 5;5 4 3 2;6 7 4 3;1 2 3 4;#;B;;
4;Lagu gundul-gundul pacul termasuk jenis lagu...;Lagu wajib;Lagu anak-anak;Lagu daerah;Lagu dangdut;#;C;;
4;Seorang pencipta lagu disebut ...;Komponis;Dirigen;Mayoret;Koreografer;#;A;;
4;Lagu Indonesia Raya diciptakan oleh ...;W.R Supratman;Kusbini;Sudarnoto;Simanjuntak;#;A;;
4;Menggerakkan seluruh anggota badan di sebut...;Menggabar;Menyanyi;Menulis;Menari;#;D;;
4;Tari perorangan dibawakan oleh ... penari.;4;3;2;1;#;D;;
4;Tari Malinting berasal dari ...;Jawa Tengah;Jawa Barat;Lampung;Jakarta;#;C;;
4;Bahan untuk membuat benda konstruksi adalah ...;udara;kayu;tanah;air;#;B;;
4;Untuk membuat kepala boneka dibutuhkan bahan ...;bola pingpong;batu;kertas manila;daun;#;A;;
4;Alat untuk memotong kain atau kertas adalah ...;tang;palu;pisau;gunting;#;D;;
4;Kertas karton dapat dibuat bahan kerajinan berupa ...;lukisan;topeng;arca;gambar;#;B;;
4;Bahan yang digunakan untuk membuat baju boneka adalah ...;tanah padas;batu;kotak bekas;kertas HVS;#;C;;
4;Karya seni rupa dapat dibedakan menjadi ...kelompok;4;3;2;1;#;C;;
4;Lukisan dan patung termasuk seni rupa ...;praktis;terapan;estetis;murni;#;D;;
4;Lagu yang berasal dari Sulawesi Utara adalah lagu ...;O ina Ni Keke;Angin Mamiri;Apuse;Soleram;#;A;;
4;Berikut ini yang termasuk alat musik ritmis adalah ...;piano;gitar;rebana;harmonika;#;C;;
4;Contoh tarian dari Jawa Tengah adalah ...;topeng Betawi;reog;gambyong;kecak;#;C;;
4;Tari monong berasal dari daerah ...;Sumatera Barat;Nusa Tenggara Barat;Kalimantan Barat;Sulawesi Tenggara;#;C;;
4;Setiap tarian memiliki busana yang khas dan disesuaikan dengan ...;warna kulit;watak/karakter;tinggi badan;status sosial;#;B;;
4;Tari tunggal dibawakan oleh ...penari;1;2;3;4;#;A;;
4;Batik merupakan gambar yang dibuat pada ...;kain;kayu;tripleks;plastik;#;A;;
4;Bahan untuk membuat kerajinan seni ukir yaitu ...;udara;kayu;tanah;air;#;B;;
4;Jika ingin menggambar tumbuh-tumbuhan sebaiknya mengamati ...;binatang;pepohonan;rumah;jalan raya;#;B;;
4;Rumah gadang adalah rumah adat dari daerah ...;Jawa;Bali;Sumatera Barat;Aceh;#;C;;
4;Suasana hutan terbentuk dari ...;"baju, topi, dan lemari";"pohon, binatang, dan tumbuhan";"manusia, gedung, dan jalan raya";"anak-anak, nasi tumpeng, dan topi ulang tahun";#;B;;
4;Benda ini memiliki ... berwarna hitam dan putih.;ragam hias;bentuk;tulisan;bahan;#;A;;
4;Bentuk pohon yang menguncup seperti pohon natal adalah pohon ...;kelapa;pisang;cemara;nangka;#;C;;
4;"Kain yang direntangkan dengan nama pameran, tempat, dan waktu pameran disebut ...";spanduk;poster;undangan;umbul-umbul;#;A;;
4;Lagu Lir ilir adalah lagu daerah yang berasal dari ...;Sumatera Barat;Jakarta;Yogyakarta;Aceh;#;C;;
4;Karya musik terdiri dari berbagai macam. Karya musik yang terdiri dari syair dan melodi disebut ...;puisi;teaterikal;duet;lagu;#;D;;
4;Alat musik rebana dimainkan dengan cara ...;digesek;ditiup;dipukul;dipetik;#;C;;
4;Lagu yang memiliki irama dan latar belakang daerah disebut ...;lagu nasional;lagu wajib;lagu daerah;lagu kebangsaan;#;C;;
4;Ketipung dipukul dengan ...;kaki;lutut;tangan;tongkat;#;C;;
4;Alat musik ritmis yang dimainkan dengan cara dipukul adalah ...;kastanyet;ringbell;tamborin;triangel;#;A;;
4;Tifa adalah alat musik ritmis yang dibunyikan dengan cara ...;ditiup;digesek;dipukul;dipetik;#;C;;
4;Lagu gembira dinyanyikan dengan wajah ...;pucat;gembira;sedih;cuek saja;#;B;;
4;Pendukung penampilan wajah dipelajari dalam ...;gerak tari;busana tari;iringan tari;musik tari;#;B;;
4;Salah satu properti tari Tani adalah ...;cangkul;payung;pedang;piring;#;A;;
4;Tari Gabor adalah tarian yang berasal dari ...;Bali;Surakarta;Sumatera;Aceh;#;A;;
4;Tari putri Bekhusek adalah tarian yang menceritakan tentang ...;seorang puteri yang sedang bermain;peperangan;persabatan pangeran dan angsa;nenek dan cucu di hutan;#;A;;
4;Membuat kancing baju menggunakan tusuk ...;feston;jelujur;silang;kelim;#;A;;
4;Penyebaran informasi pameran yang kurang efektif adalah melalui ...;pamflet;internet;pengumuman;bisik-bisik;#;D;;
4;Tusuk yang hasil tusukannya seperti rantai disebut ...;tusuk silang;tusuk jelujur;tusuk tikam jejak;tusuk rantai;#;D;;
4;Bahan konstruksi ini memiliki ... kasar.;garis;warna;tekstur;dimensi;#;C;;
4;Hasil kerajinan patung didapatkan dari teknik ...;mewarnai;menatah;mengelem;menggunting;#;B;;
4;Bahan bekas dari sabun mandi yang dapat digunakan sebagai bahan konstruksinya adalah ...;plastik bungkusnya;kardus sabun;sabun;label harga sabun;#;C;;
4;Motif poleng banyak dijumpai di daerah ...;Jawa Barat;Jawa Timur;Bali;Sumatera;#;C;;
