Kelas;Soal;A;B;C;D;E;Jawaban
6;Semut merah itu berusaha naik ke atas daun melawan gelombang yang besar. Berkat ketabahannya, ia dapat mencapai permukaan daun itu dan berpegangan kuat-kuat di sana. Cerita diatas mengungkapkan pesan ...;Mengerjakan sesuatu sebaiknya disertai dengan semangat;Disertai dengan ketabahan, keberhasilan akan sulit dicapai;Ikhlas dan tabah adalah salah satu jalan menuju kesuksesan;Dengan usaha sungguh-sungguh, keberhasilan dapat dicapai;#;D
6;Banjir kembali melanda Jakarta. Seminggu yang lalu hujan baru saja turun. Akan tetapi, sudah menenggelamkan Kota Jakarta. Peristiwa yang sudah pernah terjadi, tidak dijadikan pelajaran baik bagi warga maupun pemerintah. Setiap tahun mereka harus mengungsi. Isi informasi kutipan bacaan tersebut adalah ...;Penduduk Jakarta mengungsi lagi;Pemerintah tidak bisa menangani banjir;Hujan deras selama seminggu;Banjir melanda Jakarta lagi;#;D
6;Perilaku boros dalam mengkonsumsi listrik harus diakhiri agar laju konsumsi listrik dapat diredam. Sebab, melonjaknya harga energi di pasar global telah membengkakkan subsidi listrik yang harus disediakan negara. Pemborosan listrik termasuk perilaku tidak terpuji. Informasi penting dari paragraf tersebut adalah ...;subsidi listrik yang harus disediakan negara membengkak;perilaku boros dalam mengonsumsi listrik harus diakhiri;pemborosan termasuk perilaku tidak terpuji;harga energi dipasar global melonjak;#;B
6;Kritikan yang baik terdapat dalam kalimat ...;Menurut saya, hasil kerjamu ini sudah lumayan bagus! Akan tetapi, akan lebih baik jika kamu mau mengulanginya lagi.;Lukisanmu ini belum pantas diikutkan lomba berskala nasional! Sebaiknya, kamu ikut tahun depan saja.;Ya, untuk kali ini saya menilai pekerjaanmu cukup, tetapi kamu harus ingat pekerjaan seperti ini belum layak;Sepertinya kamu masih banyak kekurangan jika dilihat dari hasil kerjamu yang seperti ini, masih jauh dari harapan.;#;A
6;Linda seringkali kesulitan menuliskan ide-ide yang ada dalam pikirannya ke dalam bentuk karangan. Saran yang tepat untuk permasalahan tersebut adalah ...;Sebaiknya Linda meminta orang lain untuk menuliskan karangannya;Sebaiknya Linda tidak usah menulis karangan tersebut;Sebaiknya Linda ke toko untuk membeli buku pelajaran;Sebaiknya Linda lebih rajin belajar menulis dan minta bimbingan guru;#;D
6;Hasil pengamatan: 1. Seluruh kelas atau semua siswa mengikuti upacara 2. Siswa yang terlambat tidak diperbolehkan masuk kedalam barisan 3. Ada lima anak laki-laki yang berbaris terpisah karena datang terlambat 4. Seluruh siswa mengenakan seragam lengkap. Laporan pengamatan di atas berisi tentang ...;Kedisiplinan siswa dalam mengikuti upacara;Kedisiplinan siswa saat akan memasuki kelas;Saat berbaris, ada lima anak berbaris terpisah;Seluruh siswa mengenakan seragam lengkap;#;A
6;Warga Adat Dukuh terkenal sangat menghormati aturan adat. Aturan adat mengharuskan mereka hidup sederhana dan dengan cara tradisional. Mereka percaya bahwa aturan itu dibuat demi kebaikan mereka. Mereka juga menghormati ketua adat. Tanggapan yang tepat terhadap rubrik di atas adalah ...;Kehidupan warga Adat Dukuh sudah ketinggalan zaman dan terlalu kuno;Kehidupan warga Adat Dukuh tergantung kepada ketua adat dan lingkungan;Kehidupan warganya masih sangat memprihatinkan karena belum ada teknologi;Kehidupan warganya patut kita tiru, meskipun hidup sederhana tetap menjaga aturan;#;D
6;Dahulu orang belum mengenal tulisan. Pada umumnya orang zaman dahulu masih buta huruf. Mereka menciptakan lambang-lambang untuk berkomunikasi. Topik yang tepat untuk laporan tersebut adalah ...;Zaman dahulu orang tidak bisa membaca.;Orang belum banyak memahami huruf dan lambang.;Lambang digunakan sebagai alat komunikasi orang zaman dulu.;Orang-orang menciptakan lambang-lambang untuk berkomunikasi.;#;D
6;Gempa bumi dengan kekuatan 6,9 skala richter mengguncang wilayah selatan Indonesia. BMKG mengeluarkan peringatan tsunami ke beberapa wilayah selatan Pulau Jawa. Gempa ini berpusat di selatan Tasikmalaya, Jawa Barat. Besarnya getaran gempa terasa hingga Yogyakarta dan Jabodetabek. Ide pokok paragraf tersebut adalah ...;Pusat gempa 6,9 richter di Tasikmalaya;Gempa bumi mengguncang Indonesia;Gempa terasa hingga Yogyakarta;Peringatan tsunami akibat gempa bumi;#;B
6;Saat ini sudah banyak orang menggunakan biofuel. Banyak perusahaan berlomba memproduksi biofuel. Hasil produksinya dipasarkan untuk bahan bakar kendaraan bermotor. Penggunaan biofuel untuk mengurangi ketergantungan terhadap BBM. Makna kata biofuel pada paragraf tersebut adalah ...;Bahan bakar yang dihasilkan secara alami;Proses pembuatan bahan bakar kendaraan;Bahan bakar minyak yang dihasilkan dari bahan organik;Bahan organik yang digunakan untuk membuat bahan bakar;#;C
6;Kayu yang diletakkan di tempat terbuka akan lapuk. Sinonim kata lapuk adalah ...;Patah;Keropos;Lama;Lunak;#;B
6;Nama badai tropis di Indonesia diambil dari nama bunga. Nama tersebut adalah badai tropis cempaka dan badai tropis dahlia. Penentuan nama badai tersebut sesuai urutan abjad. Itulah aturan penamaan badai tropis di Indonesia. Kalimat utama paragraf tersebut adalah ...;Nama badai tropis di Indonesia diambil dari nama bunga;Misalnya badai tropis cempaka dan badai tropis dahlia;Penentuan nama badai tersebut sesuai urutan abjad;Itulah aturan penamaan badai tropis di Indonesia;#;A
6;Pemerintah daerah membangun pasar. Dalam pasar, terdapat ... yang akan digunakan pedagang untuk berjualan. Pemiliknya dihimbau untuk menjaga kebersihan. Istilah yang tepat untuk melengkapi paragraf tersebut adalah ...;Warung;Kedai;Kios;Tokong;#;C
6;Kecurangan Tono dalam mengikuti lomba sains menjadi ... di kelasnya. Ungkapan yang tepat untuk melengkapi kalimat tersebut adalah ...;Buah tangan;Buah mulut;Buah bibir;Buah hati;#;B
6;Perhatikan kalimat iklan berikut! Mari lebih bijak menggunakan BBM ... Kalimat yang tepat untuk melengkapi iklan tersebut adalah ...;Jangan pernah membeli BBM di SPBU;Belilah bahan bakar minyak yang murahan;Kurangi penggunaan kendaraan pribadi;Perbanyak bepergian menggunakan mobil;#;C
6;Puting beliung telah porak poranda beberapa rumah warga. Perbaikan penggunaan kata porak poranda yang tepat adalah ...;Memporak porandakan;Memporakporandakan;Memorak porandakan;Memorakporandakan;#;D
6;Ibuku seorang pengusaha tempe. Pembuatannya tidak rumit dan tidak memerlukan keterampilan khusus. Teknik memroses kedelai menjadi tempe perlu beberapa tahap. Kesalahan penggunaan ejaan pada paragraf tersebut adalah ...;Memerlukan;Keterampilan;Teknik;Memroses;#;D
6;Hai, hebat sekali benda peninggalan nenekmu? hardik Oca. Kesalah penggunaan tanda baca pada kalimat tersebut adalah ...;"Tanda petik ("" ..."")";Tanda koma (,);Tanda tanya (?);Tanda titik (.);#;C
6;anita akan menyumbang tas peralatan sekolah dan buku ke panti asuhan Ejaan yang tepat sesuai kaidah yang benar adalah ...;Anita akan menyumbang tas, peralatan sekolah, dan buku ke panti asuhan.;Anita akan menyumbang: tas, peralatan sekolah, dan buku ke panti asuhan.;Anita akan menyumbang tas, peralatan sekolah, dan buku ke Panti Asuhan.;Anita akan menyumbang: tas, peralatan sekolah, dan buku ke Panti asuhan.;#;C
6;( ... ) Saya tidak akan mengulanginya lagi ( ... ) Bu ( ... ) ( ... ) jawab Ina ( ... ) Tanda baca yang benar sesuai dengan kaidah adalah ...;"(""), (.), (!), (""), (.)";"(""), (,), (!), (""), (.)";"(""), (,), (,), (""), (.)";"(""), (,), (.), (""), (.)";#;D
6;"Besok pagi, Tina akan pergi ke Tawangmangu? kata Doni. Perbaikan penggunaan tanda baca yang tepat pada kalimat tersebut adalah ...";Besok pagi, Tina akan pergi ke Tawangmangu, kata Doni.;Besok pagi, Tina akan pergi ke Tawangmangu. kata Doni.;Besok pagi, Tina akan pergi ke Tawangmangu, kata Doni.;Besok pagi, Tina akan pergi ke Tawangmangu. kata Doni.;#;C
6;Bagian surat pribadi yang berisi memberi tahu keadaan, menanyakan keadaan adalah ...;Isi;penutup;pembukaan;kekerabatan;#;A
6;Di bawah ini yang merupakan kalimat penutup surat resmi adalah ...;Bila ada kata-kata yang salah kami mohon maaf.;Jangan lupa segera di bawah surat ini.;Atas perhatian dan kehadirannya kami ucapkan terima kasih.;Sekian surat ini, bila ada waktu bisa disambung lagi.;#;C
6;Penulisan judul puisi yang tepat di bawah ini adalah ...;Secangkir Kopi untuk Ayah;SECANGKIR KOPI UNTUK AYAH;Secangkir Kopi Untuk Ayah;Secangkir kopi untuk Ayah;#;A
6;Ayah membeli televisi seharga satu juta tujuh ratus tujuh puluh lima ribu rupiah. Penulisan nilai uang yang tepat adalah ...;Rp1.775.000,00;Rp, 1.775,000,00;Rp: 1.775.000,00;Rp 1.775.00,-;#;A
6;Ubaidillah Rifai Putra dan keluarganya berekreasi bersama ke Parang Tritis Yogyakarta. Subyek dari kalimat diatas adalah ...;Berekreasi bersama;Parangtritis Yogyakarta;Ubaidillah Rifai Putra;Ubaidillah Rifai Putra dan Keluarganya;#;D
6;Orang yang mengatur adegan dalam drama adalah ...;aktor;sutradara;produser;konpesor;#;B
6;Naskah pidato terdiri atas 3 bagian, yaitu ...;pembukaan, pembahasan, dan saran;penutup, isi dan pendahuluan;pembukaan, isi dan penutup;latar belakang, pembahasan dan kesimpulan;#;C
6;Sikap yang baik dalam berpidato adalah ...;Tertawa lepas;kepala menunduk;duduk dan tersenyum ramah;berdiri menghadap penonton;#;D
6;Saudara pemirsa di seluruh Tanah Air! Selamat siang, kali ini saya Arifin akan membacakan berita olah raga. Berdasarkan paragraf di atas, Arifin sedang berbicara melalui ...;Radio;telepon;televisi;telegram;#;C
6;Berikut ini bukan surat resmi adalah surat ...;Dinas;jual beli;lamaran kerja;kepada sahabat;#;D
6;Hal yang tidak perlu diperhatikan dalam berpidato adalah ...;Lafal;ekspresi;intonasi;membaca cepat;#;D
6;Salah satu hal yang perlu diperhatikan dalam membaca puisi adalah lafal. Lafal berkaitan dengan ...;Tekanan;ucapan;mimik wajah;pemberhentian;#;B
6;Di bawah ini contoh pembuka surat, kecuali ...;Salam rindu;Salam hangat;sudah dulu, ya;temanku yang berbahagia;#;C
6;Penulisan alamat surat yang tepat adalah ...;Yth. Kak Redaksi Majalah Dara Jln. Cendrawasih 50 Jakarta Barat;Yth. Kak Redaksi Majalah Dara Jln. Cendrawasih 50 Jakarta Barat;Yth. Kak Redaksi Majalah Darah, Jln. Cendrawasih 50 Jakarta Barat;Yth. Kak Redaksi Majalah Dara, Jln. Cendrawasih 50 Jakarta Barat;#;D
6;Diminum : 3 x sehari 1 sdt. Artinya ...;Sehari minum 1 sendok teh;Tiga hari minum 1 sendok teh;Tiga kali minum 1 sendok teh;Sehari minum 3 kali, sebanyak 1 sendok teh;#;D
6;Untuk mengatasi kekeringan, penduduk desa itu membuat dam. Sinonim kata dam adalah ...;Sungai;parit;waduk;bendungan;#;D
6;... padi akan dipindahkan sesudah berumur empat puluh hari. Kata yang tepat untuk melengkapi kalimat di atas adalah ...;Bibit;biji;benih;bakal;#;C
6;Kata-kata di bawah ini yang berlawanan makna adalah ...;Kamar mandi;bersuka ria;maju mundur;maju ke depan;#;C
6;Dalam pesta pernikahan itu, banyak tamu ... baju batik. Kata yang tepat untuk melengkapi kalimat di atas adalah ...;Memakai;menggunakan;mengenakan;memanfaatkan;#;C
6;Dongeng tentang makhluk halus seperti Nyi Roro Kidul disebut ...;Fabel;mite;sage;legenda;#;B
6;Yang ditulis bagian depan amplop surat, tepatnya di bawah sebelah kiri perangko adalah ...;Alamat yang dituju;Kalimat pembuka;kalimat penutup;alamat pengirim surat;#;A
6;Kancil termasuk binatang yang cerdik. Ketika kakinya disergap buaya, dengan akalnya dia mampu meloloskan diri. Saat ia diperangkap Pak Tani, dia masih bisa menipu anjingnya Pak Tani. Kutipan tersebut termasuk cerita ...;Fabel;mite;dongeng;legenda;#;A
6;Perhatikan puisi di bawah ini! Kutinggalkan kawan dalam belantara Yang gugur dalam kusuma bangsa Demi senjata harapan tanah merdeka Guna menapak masa depan penuh cita Latar tempat dari puisi di atas adalah ...;Laut;hutan;sawah;gunung;#;B
6;Penyajian karangan yang panjang dalam bentuk singkat disebut ...;sinopsis;cerpen;ringkasan;apersepsi;#;C
6;Tempat dan waktu terjadinya cerita disebut ...;latar;alur;tema;amanat;#;A
6;Tanggapan tentang baik buruknya sesuatu disebut ...;pujian;anjuran;kritikan;saran;#;C
6;Laporan yang dibuat setelah mengunjungi suatu tempat disebut ...;karangan;laporan kunjungan;laporan pengambatan;narasi;#;B
6;Wisata yang dilakukan di laut disebut wisata...;budaya;bahari;kuliner;alam;#;B
6;Karangan yang tidak terikat bait dan rima disebut ...;prosa;puisi;drama;narasi;#;A
6;Mengubah puisi ke bentuk prosa disebut ...;paraprosa;parafrasa prosa;parafrasa puisi;mengarang;#;C
6;"Najwa sedang menikmati rangkaian peristiwa dalam cerita ""Keong Mas"" yang dibacanya. Bagian kalimat yang dicetak miring dapat diganti dengan istilah ...";tema;alur;amanat;latar;#;B
6;Dcri seorg koki berpnglmn. Hub. Restrn Bundo. Teks di atas merupakan ...;ringkasan pesan;iklan lowongan kerja;iklan penawaran barang;pengumuman;#;B
6;Semut merah itu berusaha naik keatas daun melawan gelombang yang besar. Berkat ketabahannya, ia dapat mencapai permukaan daun itu dan berpegangan kuat-kuat di sana. Cerita diatas mengungkapkan pesan ...;Mengerjakan sesuatu sebaiknya disertai dengan semangat;Disertai dengan ketabahan, keberhasilan akan sulit dicapai;Ikhlas dan tabah adalah salah satu jalan menuju kesuksesan;Dengan usaha sungguh-sungguh, keberhasilan dapat dicapai;#;D
6;Banjir kembali melanda Jakarta. Seminggu yang lalu hujan baru saja turun. Akan tetapi, sudah menenggelamkan Kota Jakarta. Peristiwa yang sudah pernah terjadi, tidak dijadikan pelajaran baik bagi warga maupun pemerintah. Setiap tahun mereka harus mengungsi. Isi informasi kutipan bacaan tersebut adalah ...;Penduduk Jakarta mengungsi lagi;Pemerintah tidak bisa menangani banjir;Hujan deras selama seminggu;Banjir melanda Jakarta lagi;#;D
6;Perilaku boros dalam mengkonsumsi listrik harus diakhiri agar laju konsumsi listrik dapat diredam. Sebab, melonjaknya harga energi di pasar global telah membengkakkan subsidi listrik yang harus disediakan negara. Pemborosan listrik termasuk perilaku tidak terpuji. Informasi penting dari paragraf tersebut adalah ...;subsidi listrik yang harus disediakan negara membengkak;perilaku boros dalam mengonsumsi listrik harus diakhiri;pemborosan termasuk perilaku tidak terpuji;harga energi dipasar global melonjak;#;B
6;Kritikan yang baik terdapat dalam kalimat ...;Menurut saya, hasil kerjamu ini sudah lumayan bagus! Akan tetapi, akan lebih baik jika kamu mau mengulangnya lagi.;Lukisanmu ini belum pantas diikutkan lomba berskala nasional! Sebaiknya, kamu ikut tahun depan saja.;Ya, untuk kali ini saya menilai pekerjaanmu cukup, tetapi kamu harus ingat pekerjaan seperti ini belum layak;Sepertinya kamu masih banyak kekurangan jika dilihat dari hasil kerjamu yang seperti ini, masih jauh dari harapan.;#;A
6;Linda seringkali kesulitan menuliskan ide-ide yang ada dalam pikirannya ke dalam bentuk karangan. Saran yang tepat untuk permasalahan tersebut adalah ...;Sebaiknya Linda meminta orang lain untuk menuliskan karangannya;Sebaiknya Linda tidak usah menulis karangan tersebut;Sebaiknya Linda ke toko untuk membeli buku pelajaran;Sebaiknya Linda lebih rajin belajar menulis dan minta bimbingan guru;#;D
6;Hal-hal yang harus diperhatikan dalam membuat laporan hasil pengamatan yaitu ...;Waktu, hasil, pelapor, tempat, objek, nilai;Judul, tempat, objek, waktu, hasil, pelapor;Tempat, waktu, hasil, objek, judul, kesimpulan;Objek, waktu, hasil, pelapor, tanda tangan orangtua;#;B
6;Memberikan saran terhadap laporan hasil pengamatan harus disertai ...;Tanda tangan;Alasan yang tepat;Judul laporan;Kartu tanda pengenal;#;B
6;Warga Adat Dukuh terkenal sangat menghormati aturan adat. Aturan adat mengharuskan mereka hidup sederhana dan dengan cara tradisional. Mereka percaya bahwa aturan itu dibuat demi kebaikan mereka. Mereka juga menghormati ketua adat. Tanggapan yang tepat terhadap rubrik di atas adalah ...;Kehidupan warga Adat Dukuh sudah ketinggalan zaman dan terlalu kuno;Kehidupan warga Adat Dukuh tergantung kepada ketua adat dan lingkungan;Kehidupan warganya masih sangat memprihatinkan karena belum ada teknologi;Kehidupan warganya patut kita tiru, meskipun hidup sederhana tetap menjaga aturan;#;D
6;Formulir yang berisi tentang data diri seseorang secara lengkap disebut ...;daftar riwayat hidup;kartu keluarga;catatan pribadi;buku harian;#;A
6;Berikut ini kalimat yang berisi saran adalah ...;Tolong, berikan makanan ini untuk pengemis itu!;Wah, merdu sekali suaramu!;Maaf, sebaiknya kamu belajar lebih giat lagi!;Silahkan mencicipi kue ini!;#;C
6;Dahulu orang belum mengenal tulisan. Pada umumnya orag zaman dahulu masih buta huruf. Mereka menciptakan lambang-lambang untuk berkomunikasi. Topik yang tepat untuk laporan tersebut adalah ...;Zaman dahulu orang tidak bisa membaca.;Orang belum banyak memahami huruf dan lambang.;Lambang digunakan sebagai alat komunikasi orang zaman dulu.;Orang-orang menciptakan lambang-lambang untuk berkomunikasi.;#;D
6;Firda baru saja mengunjungi Candi Borobudur bersama teman sekelasnya. Setelah pulang, Firda dan teman-temannya membuat karya ilmiah yang disebut ...;laporan;tugas;narasi;laporan hasil kunjungan;#;D
6;Berikut ini yang merupakan kalimat pujian yang benar adalah ...;Pandai benar kamu. Sampai dapat nilai nol.;Bagus benar tulisanmu. Sampai tidak terbaca.;Jujur benar kamu. Uang teman kamu ambil.;Pintar benar kamu. Bagaimana caranya?;#;D
6;Paman datang ketika aku baru pulang dari les Matematika. Kalimat di atas merupakan kalimat ...;majemuk setara;majemuk bertingkat;berita;gabungan;#;B
6;Sebaiknya kamu menyimpan uangmu di bank saja, agar lebih aman. Kalimat tersebut merupakan kalimat ...;anjuran;perintah;tanggapan;pujian;#;A
6;Dalam memberikan tanggapan yang berupa kritikan, pernyataan yang kita berikan harus bersifat ...;membangun;benar;subyektif;bebas;#;A
6;Di kala sang surya mulai tenggelam. Aku duduk di tepi sungai sendirian ... Puisi tersebut melukiskan waktu ...;pagi hari;siang hari;senja hari;malam hari;#;C
6;Berikut ini yang termasuk laporan kunjungan adalah ...;Bertamasya ke Wisata Bahari Lamongan;Naiknya Tarif Dasar Listrik;Dampak Negatif dan Positif Arus Globalisasi;Pengamatan Pembibitan Anggrek Bulan;#;A
6;Kelelawar mengetahui arah terbang, makanan, dan keadaan lingkungannya menggunakan ...;bau;bunyi;cahaya;suhu;#;B
6;Berikut ini merupakan pernyataan yang benar mengenai cecak ialah ...;cecak mengetahui arah makanan dengan menggunakan bunyi;cecak memiliki kaki yang pendek dan memiliki selaput pada kakinya;cecak memiliki telapak kaki yang menonjol dan bergaris sehingga dapat melekat;cecak memiliki lidah yang menonjol dan bergaris;#;C
6;Tumbuhan yang memakan serangga untuk memenuhi kebutuhan nitrogen ialah ...;kaktus;kantong semar;jati;pisang;#;B
6;Implantasi terjadi pada nomor ... (gambar tidak ditampilkan);1;2;3;4;#;C
6;Ciri-ciri perempuan ketika masa remaja atau pubertas ialah ...;tumbuhnya rambut di ketiak dan alat kelamin;dada akan lebih membidang;tumbuhnya jakun;tidak mengalami menstruasi;#;A
6;Berikut ini merupakan pernyataan yang benar mengenai hewan yang berkembang biak dengan bertelur ...;pertumbuhan dan perkembangan embrio terjadi di luar tubuh induknya;pertumbuhan dan perkembangan embrio terjadi di dalam tubuh induknya;telur menetas di dalam tubuh induknya;embrio akan berada di dalam tubuh induknya sampai waktunya dilahirkan;#;A
6;Tumbuhan yang berkembang biak dengan umbi batang ialah ...;kentang;bawang merah;bawang putih;wortel;#;A
6;Akibat yang akan terjadi bagi lingkungan dari penebangan dan perburuan liar ialah ...;tempat tinggal hewan hilang;pohon di tempat tinggi dibabat;tercapainya kebutuhan kayu;semakin luasnya lahan untuk pertanian;#;A
6;Bagian dari buaya yang sering dimanfaatkan ialah ...;kulit;ekor;taring;daging;#;A
6;Kayu yang sering digunakan untuk bahan bangunan dan alat rumah tangga ialah ...;mahoni;mangga;jati;cendana;#;C
6;Tumbuhan yang terancam punah karena sering digunakan sebagai rempah-rempah dan aroma terapi ialah ...;cendana;meranti;gaharu;jati;#;A
6;Kawasan yang melindungi tumbuhan di tempat asalnya ialah ...;hutan lindung;kebun botani;kebun binatang;suaka margasatwa;#;B
6;Hewan yang berasal dari Sulawesi dan terancam punah ialah ...;komodo;harimau sumatra;badak;anoa;#;D
6;Perpindahan panas dari suatu benda ke benda lainnya disebut ...;konduksi;konveksi;radiasi;isolasi;#;A
6;Berikut ini pernyataan yang benar mengenai perkaratan ialah ...;penghancuran bahan yang disebabkan oleh organisme;pembentukan lapisan merah kekuningan akibat proses kimia;contoh perkaratan adalah hancurnya kayu di hutan;contoh perkaratan adalah membusuknya sayuran;#;B
6;Ban sepeda sebaiknya terbuat dari ...;kayu;plastik;karet;logam;#;C
6;Berikut ini pernyataan yang benar mengenai sifat logam ialah ...;mudah pecah;elastis;penghantar listrik;mudah lapuk;#;C
6;Ciri khusus yang dimiliki tumbuhan kaktus adalah ...;daun lebar dan tipis;akar pendek dan lebat;daunnya berbentuk duri;batang tebal dan berlapis lilin;#;D
6;Daun pandan banyak dimanfaatkan untuk ...;pewarna alami;tanaman hias;pengawet makanan;penyedap masakan;#;D
6;Mengembangbiakkan buaya di penangkaran bertujuan untuk ...;agar dapat dipelihara;supaya tidak punah;mengembangbiakkan secara besar-besaran;untuk diambil kulitnya;#;B
6;Rantai makanan yang mungkin terjadi dalam ekosistem danau adalah ...;zooplankton > ikan gabus > ular > elang;lumut > fitoplankton > ikan bawal > burung pelikan;fitoplankton > zooplankton > udang kecil > ikan gabus;zooplankton > fitoplankton > udang kecil > ikan lele;#;C
6;Hubungan antara anggrek dengan tumbuhan inangnya adalah ...;simbiosis parasitisme;simbiosis mutualisme;simbiosis amensalisme;simbiosis komensalisme;#;D
6;Pada rantai makanan padi > belalang > katak > ular > elang, katak berperan sebagai ...;produsen;konsumen I;konsumen II;konsumen III;#;C
6;Jamur bagi makhluk hidup di sekitarnya berperan sebagai ...;pengurai sisa kehidupan;penghasil karbohidrat;pencegah erosi;konsumen terakhir;#;A
6;Salah satu cara mencegah longsor di tanah curam adalah ...;melakukan rotasi tanaman;melakukan rehabilitasi lahan;membuat tanah bertingkat-tingkat;menanam kembali tanaman atau reboisasi;#;D
6;Tujuan padi menggulungkan daunnya pada musim kemarau adalah ...;mempermudah proses penyerbukan;memperindah bentuk pohon;menghentikan fotosintesis;mengurangi penguapan;#;D
6;Unta dapat berjalan tanpa terperosok ke dalam pasir ketika berjalan. Adaptasi yang dilakukan unta adalah ...;mempunyai punuk;kaki memiliki bantalan;memiliki bulu mata yang panjang;bentuk kaki yang lebar dan panjang;#;B
6;Sampai dengan tahun 1999, wilayah Negara Kesatuan Republik Indonesia terdiri atas...;26 provinsi;27 provinsi;32 provinsi;33 provinsi;#;B
6;Provinsi termuda di Pulau Jawa adalah...;DKI Jakarta;DI Yogyakarta;Banten;Bandung;#;C
6;Provinsi termuda di Pulau Sulawesi adalah...;Manado;Gorontalo;Sulawesi Utara;Sulawesi Tenggara;#;B
6;Ibukota Provinsi Maluku Utara adalah...;Sofifi;Sofingi;Tidore;Ternate;#;D
6;Batas wilayah laut Indonesia berdasarkan Deklarasi Juanda 1957 sepanjang...;3 mil;9 mil;12 mil;21 mil;#;C
6;Batas wilayah laut Indonesia berdasarkan ZEE sepanjang...;3 mil;9 mil;12 mil;200 mil;#;D
6;Salah satu penandatangan Deklarasi Bangkok 1967 dari Filipina adalah...;Narcisco Ramos;Tun Abdul Razak;S. Rajaratman;Thanat Khoman;#;A
6;Berikut negara pendiri ASEAN kecuali...;Indonesia;Birma;Singapura;Malaysia;#;B
6;Negara di Asia Tenggara yang tidak pernah dijajah adalah...;Birma;Pilipina;Thailand;Singapura;#;C
6;Negara yang masuk menjadi anggota ASEAN TEN adalah...;Laos;Myanmar;Kamboja;Vietnam;#;B
6;Warna coklat pada lambang ASEAN melambangkan...;persahabatan antara negara anggota;kemakmuran;kekuatan negara;kekuatan dan kestabilan;#;D
6;Pabrik mesin diesel ASEAN didirikan di...;Singapura;Pilipina;Indonesia;Thailand;#;A
6;Negara tetangga penghasil timah terbesar dunia adalah...;Filipina;Thailand;Malaysia;Singapura;#;C
6;Bentuk negara Singapura adalah...;negara kerajaan;negara republik;negara serikat;negara kapitalis;#;B
6;Angkor Wat dan Angkor Thom terdapat di negara...;Birma;Kamboja;Laos;Filipina;#;B
6;"Negara yang mendapat julukan ""Petro Dollar"" adalah...";Kuwait;Arab Saudi;Venezuela;Irak;#;C
6;"Negara ""Kincir Angin"" merupakan julukan negara...";Jerman;Kanada;Perancis;Belanda;#;D
6;Menara Eiffel terdapat di negara...;Perancis;Amerika Serikat;Jerman;Inggris;#;A
6;Istana kediaman raja/ratu Inggris disebut...;Istana Buckingham;God Save The Queen;Istana Versailles;Istana Musim Panas;#;A
6;Vietnam, Kamboja dan Laos terletak di kawasan...;Indocina;Negeri Serumpun;Asia Timur;Negeri Jiran;#;A
6;Sir Stamfor Rafles mendirikan kota yang sekarang bernama...;Kuala Lumpur;Selangor;Tanah Genting;Singapura;#;D
6;Negeri Gajah Putih merupakan julukan negara...;Kamboja;Thailand;Malaysia;Myanmar;#;B
6;Sungai Mekong mengalir di kawasan...;Vietnam;Indocina;Thailand;Filipina;#;B
6;Pegunungan yang memisahkan Eropa dengan Asia adalah...;Pegunungan Ural;Pegunungan Kaukasus;Pegunungan Alpen;Pegunungan Pirenia;#;A
6;Sungai terpanjang di Afrika adalah...;Sungai Kongo;Sungai Zambesi;Sungai Nil;Sungai Victoria;#;C
6;Great barrier Reef terletak di...;pantai selatan Australia;pantai utara Australia;lepas pantai timur Australia;lepas pantai barat Australia;#;C
6;Binatang lambang Australia adalah...;kangguru;biri-biri;kiwi;penguin;#;A
6;Berikut syarat-syarat peta yang baik, kecuali...;judul peta;skala;ukuran besar;legenda;#;C
6;Negara di pantai barat Amerika Selatan adalah...;Cile;Peru;Kolombia;Ekuador;#;A
6;Gunung Kinabalu terletak di negara...;Indonesia;Malaysia;Filipina;Brunei Darusalam;#;B
6;Indonesia terletak diantara dua landas kontinen yaitu Benua...;Eropa dan Austeralia;Asia dan Afrika;Asia dan Eropa;Asia dan Australia;#;D
6;Bagian sebelah utara Provinsi Jawa Tengah adalah...;Laut Jawa;Samudra Hindia;Pulau Kalimantan;Pulau Karimun Jawa;#;A
6;Provinsi Gorontalo merupakan pemekaran Provinsi...;Sulawesi Tenggara;Sulawesi Timur;Sulawesi Utara;Sulawesi Barat;#;C
6;Konferensi Hukum Laut Internasional III berlangsung di negara...;Kuba;Thailand;Jamaika;Afrika Selatan;#;C
6;Pada zaman Belanda wilayah perairan Indonesia ditetapkan sebesar... mil;1;3;12;200;#;B
6;Negara yang dilalui oleh Pegunungan Muda Sirkum Pasifik adalah...;Myanmar;Thailand;Brunei Darussalam;Filipina;#;D
6;Negara yang dahulu bernama Burma adalah...;Filipina;Kamboja;Laos;Myanmar;#;D
6;Negara tetangga yang merupakan bekas provinsi Indonesia adalah...;Singapura;Malaysia;Timor Leste;Papua Nugini;#;C
6;Ibu kota Brunei Darussalam adalah...;Bangkok;Manila;Bandar Seri Begawan;Kuala Lumpur;#;C
6;Bahasa Tagalog digunakan di negara...;Thailand;Filipina;Vietnam;Myanmar;#;B
6;Batas sebelah utara negara Laos adalah...;Vietnam;Kamboja;Tiongkok;Myanmar;#;C
6;Batas timur Kepulauan Indonesia adalah Negara...;Filipina;Papua Nugini;Malaysia;Thailand;#;B
6;Provinsi Kalimantan Timur ditandai dengan huruf...;A;B;C;D;#;D
6;Berdasarkan sidang PPKI tanggal 19 Agustus 1945, wilayah Indonesia dibagi menjadi... Provinsi;7;8;9;10;#;B
6;Provinsi termuda di Indonesia adalah...;Provinsi Banten;Provinsi Gorontalo;Provinsi Sulawesi Barat;Provinsi Kalimantan Utara;#;D
6;Tsunami adalah gelombang laut yang ditimbulkan oleh...;letusan gunung berapi;pergeseran kerak bumi;gelombang laut;gaya gravitasi bumi;#;A
6;Gempa bumi tektonik disebabkan oleh...;aktivitas gunung berapi;pergeseran kerak bumi;gelombang tsunami;gaya gravitasi bumi;#;B
6;Daerah langganan banjir di Indonesia adalah...;Bogor;Bandung;Yogyakarta;Jakarta;#;D
6;Indonesia rawan gempa karena...;letak antara Benua Asia dan Australia;berada di patahan lempeng Eurasia-Australia;antara Samudra Pasifik dan Hindia;di jalur pegunungan muda Sirkum Mediterania dan Pasifik;#;B
6;Manfaat letusan gunung berapi adalah...;beritanya ditayangkan di televisi;mendapat pertolongan pemerintah;melihat pemandangan indah;tanah menjadi subur;#;D
6;-256 x 43 = 43 x n, maka nilai n adalah ...;-256;-43;43;256;#;A
6;5.326 -- 26 x 112 + 237 =  ...;1,294;2,016;2,315;2,735;#;C
6;KPK dari 18, 30, dan 45 adalah ...;9;54;60;90;#;D
6;Pak Ali akan membagikan 48 jeruk dan 80 buah apel kepada sejumlah anak. Jika setiap anak memperoleh bagian yang sama, maka jumlah anak yang akan menerima bagian tersebut sebanyak... anak.;8;16;24;32;#;B
6;Nilai dari v4.096 = ...;16;26;36;64;#;A
6;Dua buah kubus masing-masing panjang rusuknya adalah 8 cm dan 5 cm. Jumlah volume kedua kubus tersebut adalah...cm ;89;637;725;837;#;B
6;Sebuah bak mandi berisi air dengan menggunakan pipa yang debitnya 400 ml/detik. Artinya...;Dalam waktu 400 detik, volume air yang mengalir dari pipa 1 ml;Dalam waktu satu detik, volume yang mengalir dari pipa 1 liter;Dalam waktu satu detik, volume air yang mengalir dari pipa 400 ml;Dalam waktu satu jam, volume air yang mengalir dari pipa 400 ml;#;C
6;12 liter/menit = ... liter/detik;0,12;12;0,02;0,2;#;D
6;Sebuah tengki minyak tanah berisi 7.200 liter. Minyak tersebut dialirkan ke dalam drum selama 40 menit. Maka debit minyak tanah tersebut adalah... liter/menit;140;150;160;180;#;D
6;Sebuah lingkaran memiliki jari-jari 28 cm. Maka luasnya adalah ...cm ;2,464;1,232;616;308;#;A
6;Sebuah kaleng susu memiliki tinggi 20 cm dan jari-jari alasnya 6 cm. Maka volume kaleng susu tersebut adalah...cm .;120;1.260,80;1,884;2.260,80;#;D
6;Di bawah ini adalah nilai ulangan IPA siswa kelas VI : 5 8 7 9 6 7 9 7 8 6 7 9 8 6 5 7 8 9 8 7 6 7 5 8 7 9 5. Banyak siswa yang mengikuti ulangan IPA adalah...anak;25;26;27;28;#;B
6;Hasil 3.444 + 2.678 -- 3.446 = ...;2,786;2,676;2,576;2,566;#;B
6;Hasil 4.896 : 12 x 8 = ...;51;384;3,204;3,264;#;D
6;Hasil 243 = ...;13,824;13,584;13,484;12,724;#;A
6;Hasil -344 + (-268) -- 146 = ...;-506;-516;-748;-758;#;D
6;KPK dari 39, 63, 84 adalah ...;22 x 32 x 7 x 13;2 x 32 x 7 x 13;22 x 3 x 7 x 13;2 x 3 x 7 x 13;#;A
6;Pak Bondan memelihara kambing 24 ekor dan ayam 32 ekor lebih banyak dari kambing. Perbandingan kambing dengan ayam yang dipelihara Pak Bondan adalah ...;03:04;03:07;03:10;04:10;#;B
6;Pekan olahraga daerah diikuti lima daerah kabupaten dari DIY. Peserta dari Gunungkidul 15%, Kota Madya  , Bantul dan Sleman masing-masing 0,15. Selebihnya Kulon Progo. Peserta dari Kulon Progo dan Bantul ada ...;12%;30%;37,50%;45%;#;B
6;Hasil 2.456 -- 1.632 : 8 + 24 x 6 = ...;762;2,396;2,549;2,576;#;B
6;Ibu Sardi memiliki gelas 3,25 gross lebih 8 buah. Untuk keperluan acara pernikahan anaknya, bu Sardi meminjam gelas 16 lusin. Banyaknya seluruh gelas yang ada pada bu Sardi ada ... biji.;650;658;660;668;#;A
6;Banu menyelesaikan lomba MIPA selama 3 jam 12 menit 24 detik, sedangkan Ari menyelesaikan lomba MIPA selama 1 jam 46 menit 48 detik. Selisih waktu menyelesaikan lomba MIPA Banu dengan Ari adalah ...;01.25.36;01.26.46;01.35.36;01.36.46;#;A
6;Hasil 10,03 km -- 2,8 hm + 37 dam = ... hm;100,2;101,2;110,2;111,2;#;B
6;Jarak rumah Andi ke sekolah ada 0,8 km. Andi berangkat ke sekolah dari rumah bersepeda dengan kecepatan rata-rata 12 km/jam. Ia tiba di sekolah 19 menit sebelum bel masuk berbunyi. Sekolah masuk pukul 07.00. Ia berangkat dari rumah pukul ...;6,01;6,11;6,37;6,41;#;C
6;Berat sebuah truk tanpa muatan 1,8 ton. Truk tersebut mengangkut beras 32,7 kuintal. Beras tersebut diturunkan di toko sembako 1.750 kg. Beras yang masih termuat di truk tersebut ada ...;1.520 kg;1.800 kg;3.270 kg;3.320 kg;#;A
6;KLMN adalah sebuah bangun datar trapesium sama kaki. Titik K terletak pada koordinat (-3,4), titik L (1,4), titik M (4,1). Titik N terletak pada koordinat ...;(-6,1);(1,-6);(-6,-1);(-1,-6);#;A
6;Sebuah taman berbentuk persegi panjang. Panjang taman 288 meter dan lebar setengah dari panjangnya. Di sekeliling taman tersebut diletakkan lampu penerangan. Jarak antar lampu penerangan 24 meter. Jarak 4 meter dari tepi luar, diletakkan tempat duduk. Jarak antar tempat duduk 16 meter. Selisih banyak lampu penerangan dengan tempat duduk ada ...;16 buah;17 buah;36 buah;52 buah;#;B
6;Pada hari Senin agen tanaman menyediakan 6.100 bibit tanaman. Tanaman yang disediakan terdiri atas 987 pohon mangga, 996 pohon manggis, 968 pohon jambu, 979 pohon jeruk, 994 pohon pepaya dan selebihnya pohon durian. Di hari yang sama, tanaman yang terjual 127 pohon mangga, 148 pohon manggis, 142 pohon jambu, 95 pohon jeruk, 174 pohon pepaya, dan 294 pohon durian. Bibit pohon paling tinggi yang tersedia di hari Selasa adalah ...;jeruk;manggis;mangga;durian;#;B
6;Rata-rata penjualan ikan selama seminggu 48 kg. Setelah penjualan ikan dua hari berikutnya dimasukkan, rata-rata penjualan ikan menjadi 52 kg. Penjualan hari ke delapan lebih tinggi 12 kg dari hari ke sembilan. Penjualan ikan pada hari ke sembilan ada ...;28 kg;39 kg;60 kg;72 kg;#;A
6;Hasil 68.317 + 21.683 -- 80.957 = ...;7,153;8,043;9,043;10,153;#;C
6;Operasi hitung yang hasilnya bilangan 112 adalah ...;256 : 16 x 8;672 : 6 x 4;224 x 14 : 28;144 x 12 : 16;#;C
6;Hasil (-3.130) + 540 : (-12) -- 2.019 = ...;-5,194;-5,094;5,094;5,194;#;A
6;Kelipatan Persekutuan Terkecil (KPK) dari 42, 72, dan 96 adalah ...;2,016;1,344;672;502;#;A
6;Sekelompok penari terbagi menjadi tiga kelompok. Kelompok pertama menggerakkan tangan tiap 12 langkah, kelompok kedua tiap 24 langkah, dan kelompok ketiga tiap 8 langkah. Ketiga kelompok akan menggerakkan tangan bersama-sama pada langkah ke ...;12;24;36;48;#;B
6;Bentuk persen dari 0,025 adalah ...;25%;4%;15%;22%;#;A
6;Sebuah truk mengangkut 72 ton beras dan 5,25 kuintal jagung. Muatan truk tersebut diturunkan di pasar 5.675 kg. Berat muatan yang belum diturunkan ada ... kuintal.;7.075;23,5;2,35;6,95;#;A
6;Pernyataan bilangan bulat negatif yang benar adalah ...;Bilangan yang kurang dari nol;Bilangan yang lebih dari nol;Bilangan yang letaknya sebelah kanan dari nol pada garis bilangan;Bilangan yang dimulai dari 0, 1, 2, 3, ... dst;#;A
6;Letak bilangan negatif pada garis bilangan adalah ...;berada di sebelah kanan bilangan nol;berada di sebelah kanan bilangan satu;berada di sebelah kiri bilangan nol;berada di sebelah kiri bilangan nol;#;C
6;Bilangan yang terletak antara -25 dan -47 adalah ...;-36;-35;-34;-33;#;A
6;-20, -15, -10, -14, -17, -12. Urutan dari yang terbesar adalah ...;-88;-88;-88;-88;#;D
6;Bilangan bulat antara -12 dan -2 adalah ...;-102;-91;-77;-63;#;D
6;Keterampilan dasar dalam permainan kasti adalah...;passing;menembak;melempar bola;menggiring bola;#;C
6;Dalam satu pertandingan kasti, regu yang bertanding adalah...;1 regu;4 regu;3 regu;2 regu;#;D
6;Salah satu teknik dasar dalam permainan kasti adalah...;menggiring;menendang;menangkap;shooting;#;C
6;Seorang yang memukul bola adalah...;penendang;penangkap;pemukul;pelempar;#;C
6;Permainan kasti hamper mirip dengan permainan...;volly;basket;sepak bola;kippers;#;D
6;Dalam permainan kasti setiap pemain harus bersikap...;panik;tegang;sportif;kasar;#;C
6;Pemain yang berhasil melewati 4 base memperoleh nilai...;2 poin;3 poin;1 poin;tidak dapat;#;C
6;Regu penjaga harus berusaha...;mengejar;menangkap;melempar;mengenai bola kepemain;#;D
6;Panjang ukuran lapangan bola basket adalah...;40 m;38 m;28 m;50 m;#;C
6;Lebar ukuran lapangan basket adalah...;16 m;15 m;20 m;50 m;#;B
6;Passing yang berasal dari depan dada disebut...;bounce pass;chest pass;head pass;passing;#;B
6;Gerakan membawa bola ke ring lawan dalam permainan basket disebut...;passing;dribbling;overhead;kicking;#;B
6;Pemain yang melanggar aturan dalam permainan bola basket disebut...;foul;best;player;cheater;#;A
6;Yang termasuk nomor cabang atletik adalah...;tolak peluru;basket;taekwondo;volley;#;A
6;Memegang bola dan menolak sehingga bola terlempar jauh disebut olahraga...;lembing;lari sprint;basket;tolak peluru;#;D
6;Berat peluru untuk senior putri adalah...;2kg;4kg;5kg;7kg;#;B
6;Lari marathon berjarak...;41,195 KM;42,195 KM;43,195 KM;44,195 KM;#;B
6;Gerakan push up melatih otot...;perut;leher;lengan;kaki;#;C
6;Sit up merupakan bentuk latihan otot...;leher;kaki;perut;lengan;#;C
6;Gerakan mendorong badan ke atas dari tanah adalah gerakan...;lay up;leg up;push up;sit up;#;C
6;Gerakan duduk dan tiduran serta berfungsi menguatkan otot perut adalah...;curls;lay up;push up;sit up;#;D
6;Yang bukan contoh narkotika adalah...;ganja;heroin;opium;buah-buahan;#;D
6;Yang termasuk zat adiktif lainnya adalah...;opium;ekstasi;sabu - sabu;alkohol;#;D
6;Badan pemerintahan yang menangani masalah narkoba adalah...;BNI;BNN;BPD;BKN;#;B
6;Cara menghindari bahaya narkoba adalah...;Suka bergaul;malas;suka melamun;berani berkata tidak;#;D
6;Pada pertandingan sepak bola, pelanggaran hands ball artinya ...;bola terkena kepala;bola terkena perut;bola terkena tangan;bola terkena dada;#;C
6;Jumlah pemain setiap regu dalam permainan sepak bola yaitu...;9 orang;10 orang;11 orang;12 orang;#;C
6;Panjang alat pemukul yang digunakan dalam permainan kasti adalah...;50 cm;60 cm;65 cm;75 cm;#;B
6;Permainan sepak bola sudah dimainkan sejak zaman dahulu.Pada zaman Yunani Kuno permainan ini disebut dengan istilah...;Episcuro;Tsu chu;Soccer tsu;Futsal curo;#;A
6;Berikut yang harus dipersiapkan sebelum melakukan senam lantai adalah...;Membersihkan lantai;Berganti baju;Langsung melakukan senam;Melakukan peregangan dan menyiapkan alat;#;D
6;Dalam permainan bulu tangkis, alat -- alat yang kita gunakan sebagai berikut kecuali ...;tiang net;bola (shuttle cock) dan raket;bulu;lapangan;#;C
6;Latihan kelenturan dapat dibedakan menjadi...macam;2;3;4;5;#;A
6;Kegiatan senam lantai sebaiknya dilakukan diatas...;Rumput;Kasur;Matras;Tanah liat;#;C
6;Pencipta permainan softball ...;George Hensock;James Naismit;Wiliam G morgan;Amderson tatg;#;A
6;Sarung tangan yang dipakai penjaga belakang disebut ...;glast;glove;kaos tangan;kantong tangan;#;B
6;Jumlah pemain dalam permainan softball adalah ...;7 orang;8 orang;9 orang;10 orang;#;C
6;Dari gambar soal no 4, alat apa yang digunakan untuk memukul bola ...;Stik;Striker;Setrika;Setrim;#;A
6;Jumlah pemain sepak bola setiap regunya adalah ...;9 orang;10 orang;11 orang;12 orang;#;C
6;Saat datangnya bola kita sambut dengan telapak kaki adalah cara ...;mengontrol bola;menendang bola;menyundul bola;memasukan bola;#;A
6;Gerakan pemain yang membatasi ruang gerak lawan di daerah pertahanan adalah untuk ...;menjaga daerah sendiri;menghadang bola;berteman dengan lawan;menemani lawan;#;A
6;Berdasarkan jarak tempuhnya, lari jarak pendek menempuh jarak ...;800, 1500 meter;500, 10.000, 42, 195 meter;100, 200, 400 meter;400, 500, 600 meter;#;C
6;Yang bukan cara memasuki garis finish, dalam lomba lari adalah ...;lari terus tanpa merubah arah;membusungkan dada;menjauhkan salah satu bahu;lari menundukkan kepala;#;D
6;Aba -- aba dalam pelaksanaan lari jarak pendek adalah ...;siap -- ya - bersedia;bersedia -- ya - siap;ya -- siap -- bersedia;bersedia -- siap -- ya;#;D
6;Urutan pelaksanaan lompat jauh adalah ...;tolakan -- lari -- melayang -- mendarat;mendarat -- lari -- melayang -- tolakan;melayang -- mendarat -- lari -- menolak;lari -- menolak -- melayang -- mendarat;#;D
6;Manfaat memiliki tubuh yang bugar adalah ...;badan kaku;badan lemas;badan aktif;badan loyo;#;C
6;Untuk mendapatkan kebugaranperlu berolah raga secara ...;kadang -- kadang;rutin;sekali -- kali;tanpa berenti;#;B
6;Secara umum pemanasan dapat di bagi menjadi dua, yaitu ...;stati dan harmonis;harmonis dan dinamis;statis dan dinamis;dinamis dan harmonis;#;C
6;Sikap awal melakukan guling depan adalah ...;berdiri;jongkok;duduk;tidur;#;B
6;Pelaksanaan guling ke belakang pertama kali dimulai dengan menjatuhkan ...;kepala;punggung;pinggul;kaki;#;B
6;Senam PRAMUKA dan senam SRANI adalah termasuk dalam senam ...;senam ketangkasan;senam lantai;senam irama;senam tanpa alat;#;A
6;Gerakan langkah kaki yang tidak dapat dilakukan adalah ...;ke depan;ke belakang;ke samping kiri;ke atas;#;D
6;Budaya hidup sehat perlu kita lakukan sejak usia ...;tua;dewasa;remaja;dini;#;D
6;Apa singkatan dari NARKOBA ...;obat, narkotika, dan dahan berbahaya;bahan berbahaya, obat, dan narkotika;narkotika, berbahaya, dan obat;narkotika, obat dan bahan berbahaya;#;D
6;Apabila dilihat dari jenis -- jenisnya narkoba dibedakan menjadi ...;2 jenis;3 jenis;4 jenis;5 jenis;#;B
6;Racun yang terdapat pada rokok adalah ...;nikotin;kafein;heroin;putau;#;A
6;Berikut ini pengaruh penyalahgunaan narkoba pada kondisi fisik adalah ...;menimbulkan prilaku yang tidak wajar;menyebabka prestasi sekolah menurun;menimbulkan gangguan pada system saraf;menimbulkan despresi dan ketergantungan;#;C
6;Berikut yang Bukan cara menghindari narkoba adalah ...;menciptakan keluarga yang harmonis;tanggung jawap pada diri sendiri;mengisi waktu luang dengan kegiatan positif;melihat filem dewasa;#;D
6;Bentuk lapangan kasti adalah ...;segi tiga;segi empat;segi lima;segi enam;#;B
6;Berlari, melompat, meloncat dan melempar adalah gerakan yang sering dilakukan dalam dasar olahraga ...;senam;beladiri;voli;atletik;#;D
6;Supaya halaman rumah selalu bersih harus di ...;sapu;siram;biarkan;gosok;#;A
6;Plastik termasuk sampah jenis ...;organik;basah;anorganik;kering;#;C
6;Dalam olah raga lompat tali berguna untuk ...;menguatkan otot-otot kaki dan tangan;mengencangkan otot-otot perut;menguatkan otot-otot punggung;melenturkan otot-otot paha;#;A
6;Arti pemanasan dalam senam lantai berguna untuk ...;kesegaran badan;kesegaran rohani;menguatkan otot-otot tubuh;melenturkan otot-otot tubuh;#;D
6;Berikut ini yang termasuk perlengkapan utama dalam berkemah adalah ...;tenda, pasak dan tali;buku, penggaris dan pencil;meja, kursi dan tali;sayur-sayuran dan perlengkapan memasak;#;A
6;Nama lain dari virus flu burung adalah ...;influensa;H5N1;H2N2;H1N2;#;B
6;Lapangan rounders berbentuk segi lima beraturan, dengan panjang sisi masing -- masing ...;8 m;10 m;12 m;15 m;#;D
6;Dalam pertandingan sepak bola, pelanggaran hans ball adalah ...;bola terkena kepala;bola terkena perut;bola terkena tangan;bola terkena paha;#;C
6;Tujuan dari senam dasar adalah untuk ...;mengecilkan betis;membentuk keindahan jasmani;menggemukan badan;melatih kesabaran;#;B
6;Berikut ini yang termasuk alat yang digunakan untuk senam ketangkasan adalah...;tali / pita;peti lompat;meja;tongkat;#;B
6;Setelah tangan menumpu matras, bagian badan yang selanjutnya menyentuh matras pada gerakan roll depan adalah ...;dahi;tengkuk;kepala;punggung;#;B
6;Bagaimana cara yang tepat untuk menjaga kebersihan dan kesehatan pada alat reproduksi kita...;dengan cara makan-makanan empat sehat lima sempurna;banayak makan-makanan yang serba instan;dengan mengonsumsi supleman;berolahraga setiap hari;#;A
6;Lompat jauh bertolak dengan menggunakan kaki ...;dua;satu;yang paling kuat;kiri;#;B
6;Sikap awal pada saat melakukan sit up adalah ...;tangan di leher;duduk selunjur;tidur terlentang;membungkukkan badan;#;C
6;Tahapan gerakan yang sering dilakukan dalam olahraga dimulai adalah ...;gerakan loncat-loncat;gerakan pemanasan;gerakan inti;gerakan pemanasan dan gerakan inti;#;D
6;Pada renang gaya punggung gerakan kaki dilakukan secara bergantian dengan sumber gerakan pada ...;lutut;pangkal;tungkai;perut;#;B
6;Salah satu tujuan kegiatan penjelajahan adalah ...;untuk mendapatkan pujian dari guru;untuk mendapat hadiah;untuk memupuk rasa percaya diri dan mengembangkan rasa kreatifitas;agar mendapat nilai raport yang tinggi;#;C
6;Racun pada rokok yang menyebabkan pengapuran pada paru-paru adalah ...;karbon monoksida;karbon dioksida;nikotin;tar;#;D
6;Salah satu peralatan tenis meja yang biasa digunakan untuk memukul bola disebut ...;net atau jaring;bola;meja;bet;#;D
6;Jumlah pemain dalam satu regu pada permainan bola basket adalah ...;5 orang;6 orang;7 orang;8 orang;#;A
6;Tolak peluru merupakan salah satu cabang atletik yang termasuk dalam nomor ...;lari;lempar;lompat;renang;#;B
6;Dalam melakukan joging atau lari santai, sikap badan yang benar adalah ...;tegak;bungkuk;condong ke belakang;lenggak-lenggok;#;A
6;Pada saat akan melakukan latihan mencium lutut, kedua tangan memegang ...;mata kaki;lutut;lantai;perut;#;A
6;Salah satu latihan yang dapat menguatkan otot tangan adalah ...;stan up;sit up;pull up;push up;#;D
6;Tujuan dari pemanasan adalah ...;untuk melatih kecepatan;untuk melatih keseimbangan;untuk menghindari cidera disaat olah raga;untuk melatih kekuatan;#;C
6;Berdiri dengan sikap tubuh membentuk kapal terbang termasuk latihan ...;kekuatan;keseimbangan;ketahanan;kelenturan;#;B
6;Dalam olah raga senam, berdiri menggunakan kedua tangan dinamakan ...;hanstand;hans ball;stand up;push up;#;A
6;Irama yang dapat digunakan untuk mengiringi senam irama meliputi berikut ini kecuali ...;tepukan tangan;sruling;lagu;bunyi peluit;#;D
6;Senam masal adalah ...;senam yang dilakukan satu orang;senam yang dilakukan di matras;senam yang dilakukan bersama-sama;senam yang dilakukan di lapangan terbuka;#;C
6;Narkobaa kependekan dari ...;narkotika dan obat-obatan terlarang;narkotika dan bahaya;narkotika berbahaya;rokok berbahaya;#;A
6;Narkoba mengakibatkan ...;kepintaran;kesenangan;kecanduan dan merusak kesehatan;kepuasan;#;C
6;Cara menghindari diri dari narkoba adalah ...;bergaul dengan pengedar narkoba;mencarinya;bergaul secara sehat;bergaul dengan orang yang tidak benar atau preman;#;C
6;Ciri-ciri kecanduan narkoba adalah ...;sering merasa haus;badan menjadi bugar;timbul depresi;nafsu makan meningkat;#;C
6;Jumlah satu regunya dalam permainan bola voli mini adalah ...;4 orang;5 orang;6 orang;7 orang;#;A
6;Rotasi dalam permainan bola voli berputar secara ...;bergerak maju mundur;bergerak dengan bebas;berlawanan arah jarum jam;bergerak searah jarum jam;#;C
6;Dalam permainan bulu tangkis, alat-alat yang kita gunakan sebagai berikut kecuali ...;tiang net;bola (shuttle cock) dan raket;bulu;lapangan;#;C
6;Pukulan dalam bulu tangkis yang bolanya melambung tinggi dan jatuh dibelakang disebut ...;pukulan smash;pukulan lob;pukulan drop shot;pukulan net;#;B
6;Sebelum melakukan olah raga diawali dengan ...;pemanasan;permainan;istirahat dahulu;bercanda;#;A
6;Alas yang biasa digunakan dalam senam lantai adalah ...;pita;bola;peti loncat;matras;#;D
6;Nama lain dari gaya dada adalah ...;gaya punggung;gaya bebas;gaya katak;gaya kupu-kupu;#;C
6;Gerakan meluncur, posisi kedua lengan sampai ke betis harus ...;tegak;ditekuk;diangkat;lurus;#;D
6;Cara bernapas ketika berenang gaya dada adalah...;mengambil napas melalui mulut, kemudian dikeluarkan melalui hidung;mengambil naps didalam air;menghirup udara didalam air;membawa kantung plastik untuk bernapas;#;A
6;Tujuan melakukan kegiatan luar sekolah adalah...;menambah pengalaman;mengisi watu luang;sesuai dengan tuntutan kurikulum;agar mendapat nilai yang baik;#;A
6;Dalam pramuka, persami biasa diartikan ...;kegiatan makan-makan disekolah;belajar kelompok disekolah;kegiatan sekolah dilakukan pada sabtu-minggu;jalan-jalan dilingkungan sekolah;#;C
6;Contoh kegiatan yang biasa dilakukan di alam terbuka adalah...;berenang;berkemah;berbelanja;bersepeda;#;B
6;Orang yang tidak bisa berhenti memakai narkoba disebut...;kebiasaan;kenikmatan;pelecehan;kecanduan;#;D
6;Korban pelecehan seksual biasanya mengalami...;rasa senang;rasa malas;trauma yang sangat berat;perasaan biasa-biasa saja;#;C
6;Pelecehan seksual dapat dihindari dengan cara ...;berpakaian seksi;berpakaian rapi dan sopan;berpakaian menor;berpakaian menarik perhatian;#;B
6;Dibawah ini yang termasuk permainan bola kecil adalah...;Sepak bola;Bola basket;Kasti;Voli;#;C
6;Tendangan kearah gawang oleh pemain penyerang dalam sepak bola disebut...;Passing;Shooting;Corner kick;Throw in;#;B
6;Induk organisasi Sepak bola tingkat internasional adalah ...;IVBF;IAAF;FIFA;FIG;#;C
6;Dibawah ini merupakan jenis permainan bola kecil, kecuali ...;Tenis meja;Badminton;Bola basket;Kasti;#;C
6;Hak memukul setiap pemain kasti adalah berapa kali ...;1 kali;2 kali;3 kali;4 kali;#;A
6;Sikap atlet lari saat aba aba ya! adalah ...;Condong ke depan;Tegak;Segera berlari;Condong kebelakang;#;A
6;Nilai juang yang menonjol saat mempersatukan perbedaan pendapat dalam sidang BPUPKI dan PPKI yakni nilai .;ketuhanan;rela berkorban;kebersamaan;keikhlasan;#;C
6;Nilai juang adalah sesuatu yang .;berharga dalam perjuangan;berguna dalam perjuangan;menghambat perjuangan;menjadi alat perjuangan;#;A
6;Berikut ini yang tidak termasuk tahapan dalam proses perumusan Pancasila sebagai dasar negara, yakni sidang .;BPUPKI I;Panitia Sembilan;PPKI;Konstituante;#;D
6;Ketua BPUPKI adalah ...;Drs. Moh. Hatta;Ir. Sukarno;dr. Rajiman Wedyodiningrat;Mr. Moh. Yamin;#;C
6;Berikut nilai-nilai perjuangan yang tidak menjiwai para pejuang kemerdekaan pada saat perumusan Pancasila sebagai dasar negara, yakni .;pamrih;keikhlasan;kegigihan;kebersamaan;#;A
6;Contoh perwujudan nilai kebersamaan dalam kehidupan siswa misalnya .;menengok teman yang sakit;menolong orang yang sedang berkelahi;memberi makan fakir miskin;membantu teman yang sedang ulangan;#;A
6;Untuk mempersatukan bangsa, nilai juang yang patut dimiliki bangsa kita saat ini ialah nilai .;kegigihan;rela berkorban;keikhlasan;kebersamaan;#;D
6;Berikut termasuk sikap gigih, kecuali .;sabar dan ulet;mudah bosan;tak mudah bosan;pantang menyerah;#;B
6;Berikut ini bukan nilai Pancasila, yakni.;Ketuhanan;Kemanusiaan;Kebangsaan;Kebebasan mutlak;#;D
6;Bukti yang menunjukkan bahwa dalam proses perumusan dasar negara para pejuang bangsa kita menjunjung nilai kebersamaan ialah diubahnya sila Ketuhanan, dengan kewajiban menjalankan syariat Islam bagi pemeluk-pemeluknya menjadi .;Ketuhanan yang berkeadilan;Ketuhanan Yang Maha Esa;Ketuhanan yang kebudayaan;Ketuhanan yang berkemanusiaan;#;B
6;Ketika hendak pergi ke sekolah, Dewi menolong anak yang tertabrak sepeda motor. Akibatnya, ia terlambat masuk sekolah. Nilai perjuangan yang dilakukan Dewi adalah nilai .;keadilan;rela berkorban;keberanian;kebersamaan;#;B
6;Dalam berdiskusi, Tatang tidak marah meskipun pendapatnya dikritik oleh Dadang, karena Tatang mengamalkan nilai juang, yakni nilai .;demokratis;keadilan;persatuan;kemanusiaan;#;A
6;Para perumus Pancasila dalam bermusyawarah sangat menghargai perbedaan pendapat. Mereka menjunjung tinggi . . . .;egoisme;kesukuan;toleransi;kerja keras;#;C
6;Berikut peribahasa yang menunjukkan nilai kebersamaan dalam kehidupan bangsa Indonesia, kecuali .;Berat sama dipikul, ringan sama dijinjing;Berdiri sama tinggi, duduk sama rendah;Berakit-rakit ke hulu, berenang-renang ke tepian;Bersatu kita teguh, bercerai kita runtuh;#;C
6;Rumusan Pancasila yang sah terdapat dalam Pembukaan UUD 1945, yakni pada alinea .;pertama;kedua;ketiga;keempat;#;D
6;Sistem demokrasi yang dianut bangsa Indonesia dalam pemerintahannya ialah sistem demokrasi .;ekonomi;perwakilan;politik;langsung;#;B
6;Pelaksanaan Pemilihan Umum (Pemilu) di Indonesia dilakukan setiap .;4 tahun sekali;5 tahun sekali;6 tahun sekali;8 tahun sekali;#;B
6;Sesuai Undang-undang Nomor 12 tahun 2003, Pemilihan umum di Indonesia diselenggarakan untuk memilih .;anggota DPR;anggota DPD;anggota legislatif;Presiden dan Wakil Presiden;#;D
6;Setiap warga negara yang memenuhi syarat berhak memilih dalam pemilihan umum. Ini adalah salah satu asas pemilihan umum, yakni asas .;langsung;umum;bebas;rahasia;#;B
6;Di Indonesia, pemilu pertama diselenggarakan pada tahun .;1955;1971;1977;1982;#;A
6;Pemilu pertama untuk memilih Presiden dan Wakil Presiden di Indonesia dilaksanakan pada tahun .;1992;1997;1999;2004;#;D
6;Penyelenggara pemilihan Bupati/Wakil Bupati ialah .;KPU Pusat;KPU Provinsi;KPU Kabupaten/Kota;DPRD Kabupaten/Kota;#;C
6;Warga negara Indonesia berikut ini berhak sebagai pemilih dalam pemilu, kecuali ...;telah berumur 17 tahun;cacat jasmani;terlibat G-30-S/PKI;berada di luar negeri;#;C
6;Fungsi legislatif dalam pemerintahan Indonesia dijalankan oleh .;Presiden dan Wapres;Mahkamah Agung;Dewan Perwakilan Rakyat;Badan Pemeriksa Keuangan;#;C
6;Berikut ini bukan tugas dan fungsi MPR, yakni .;menetapkan UUD;melantik Presiden dan Wakil Presiden;memberhentikan Presiden/Wakil Presiden;memeriksa keuangan negara;#;D
6;Hak DPR untuk mengajukan rancangan undang-undang disebut hak .;petisi;inisiatif;angket;budget;#;B
6;Dalam pemerintahan pusat, pemegang kekuasaan eksekutif ialah .;Presiden/Wakil Presiden;Majelis Permusyawaratan Rakyat;Dewan Perwakilan Rakyat;Mahkamah Agung;#;A
6;Di tingkat pemerintah desa, pemegang kekuasaan eksekutif ialah .;BPD;Kepala Desa;Sekretaris Desa;Perangkat Desa;#;B
6;Yang termasuk tugas Presiden sebagai kepala negara, yakni .;menetapkan Peraturan Pemerintah;mengangkat dan memberhentikan menteri-menteri;membentuk dewan pertimbangan;membuat perjanjian dengan negara lain;#;D
6;Hasil kerja Badan Pemeriksa Keuangan (BPK) dilaporakan kepada lembaga lembaga berikut, kecuali .;DPD;DPR;DPRD;Presiden;#;A
6;ASEAN dibuat pada tanggal ...;6 Agustus 1967;7 Agustus 1967;8 Agustus 1967;9 Agustus 1967;#;C
6;ASEAN dibuat menurut naskah ...;Piagam Jakarta;Deklarasi Bangkok;Deklarasi Perdamaian;Deklarasi Asia Pacific;#;B
6;Pernyataan yang mengatakan latar belakang terbentuknya ASEAN yaitu ...;pertumbuhan ekonomi dan sosial yang sama.;pernah dijajah oleh negara lain;mempunyai bentuk pemerintahan yang sama;ingin menguasai perekonomian dunia;#;A
6;Wakil Indonesia yang menandatangani Deklarasi Bangkok ialah ...;Ali Alatas;Moh. Hatta;Adam Malik;Ir. Soekarno;#;C
6;Naskah pendirian organisasi ASEAN ditandatangani oleh ...;perdana menteri;menteri dalam negeri;menteri luar negeri;presiden;#;C
6;Di bawah ini ialah negara pencetus berdirinya ASEAN kecuali ...;Indonesia;Malaysia;Filipina;Brunei Darussalam;#;D
6;Warna biru pada logo ASEAN menggambarkan ...;kemakmuran;perdamaian dan persahabatan;keberanian dan keharmonisan;kesucian;#;B
6;Gedung sekretariat ASEAN berada di ...;Bangkok;Jakarta;Kuala Lumpur;Singapura;#;B
6;Yang tidak termasuk isi Deklarasi Bangkok ialah ...;meningkatkan perdamaian dan stabiltas regional;membantu menuntaskan konflik yang terjadi di daerah Asia Tenggara;meningkatkan kerjasama di bidang pendidikan;mempercepat kemajuan ekonomi di daerah Asia Tenggara;#;B
6;Jakarta Informal Meeting ialah lembaga yang dipakai untuk menuntaskan dilema yang terjadi di negara ...;Filipina;Vietnam;Kamboja;Thailand;#;C
6;AFTA merupakan kolaborasi negara-negara ASEAN di bidang ...;politik;pendidikan;ekonomi;sosial bidaya;#;C
6;Struktur organisasi ASEAN terdiri dari beberapa bagian. Kekuasaan tertinggi dalam organisasi ASEAN ialah ...;Annual Meeting;Summit Meeting;Annual Ministerial Meeting;Standing Commit;#;B
6;Negara di Asia Tenggara yag hingga tahun 2008 belum menjadi anggota ASEAN ialah ...;Timor Leste;Laos;Vietnam;Kamboja;#;A
6;Letak geografis Singapura sangat strategis sebab dilalui jalur kemudian lintas internasional. Kondisi tersebut menguntungkan terutama di bidang ...;industri;pertanian;perdagangan;kelautan;#;C
6;Pada tanggal 23-24 Februari 1976 diadakan KTT ASEAN. KTT ini diselenggarakan di ...;Bali, Indonesia;Kuala Lumpur, Malaysia;Manila, Filipina;Bangkok, Thailand;#;A
6;Indonesia pernah menjadi penengah persengketaan di Filipina antara ...;kelompok muslim dan separatis;pemerintah dan kelompok muslim Moro;pemerintah dan kelompok separatis;penerintah dengan militer asing;#;B
6;Bentuk kolaborasi negara-negara ASEAN dalam bidang olah raga yaitu ...;ASIAN Games;ASEAN Games;SEA Games;ASIA Games;#;C
6;Negara yang mempunyai mata uang Peso ialah ...;Filipina;Thailand;Kamboja;Laos;#;A
6;Kerja sama ASEAN dibidang ekonomi yaitu dengan adanya pabrik bubuk soda di ...;Malaysia;Jakarta;Singapura;Thailand;#;D
6;Salah satu bentuk kolaborasi ASEAN di bidang sosial budaya ialah ...;latihan militer bersama;membangun pabrik pupuk urea di Malaysia;penanggulangan dilema narkoba;pengiriman duta dan konsul;#;C
6;Salah satu kolaborasi Indonesia dengan Filipina di bidang ekonomi ialah ...;pabrik mesin diesel Marine;proyek vaksin;pabrik tembaga;proyek bubuk soda;#;A
6;Di bawah ini yang bukan termasuk wujud kolaborasi negara-negara ASEAN ialah ...;pertukaran pelajar;pertukaran program televisi;kolaborasi ekspor dan impor;kolaborasi menguasai negara lain;#;D
6;Negara di daerah Asia Tenggara yang termasuk satu wilayah dengan Indonesia ialah ...;Malaysia dan Thailand;Singapura dan Filipina;Malaysia dan Brunei Darussalam;Laos dan Kamboja;#;C
6;Peran Indonesia dalam acara ikut menjaga perdamaian dan ketertiban di daerah Asia Tenggara yaitu dengan mengirimkan Pasukan Garuda XII yang bertugas di ...;Filipina Selatan;Vietnam Selatan;Myanmar;Kamboja;#;D
6;Sekretaris Jendreal ASEAN yang pertama ialah ...;H.R. Dharsono;Umarjadi Notowijoyo;Rusli Noor;Narsisco G. Reyes;#;A
6;KTT ASEAN merupakan lembaga pertemuan para pemimpin negara-negara anggota. KTT ASEAN yang pertama diselenggrakan di ...;Bali;Bangkok;Jakarta;Kuala Lumpur;#;A
6;Negara anggota ASEAN yang termuda ialah ...;Brunei Darussalam;Laos;Kamboja;Myanmar;#;C
6;Kota di Indonesia yang pernah menjadi penyelenggara KTT ASEAN lebih dari satu kali ialah ...;Jakarta;Surabaya;Bali;Medan;#;C
6;Tokoh berikut ini patut diteladani karena mempunyai kharismatik dan pandai berpidato. Tokoh tersebut bernama ...;Mr. Soepomo;Ir. Soekarno;Drs. Moh. Hatta;Mr. Muh. Yamin;#;B
6;Nilai kebersamaan yang paling menonjol di kalangan tokoh-tokoh yang terlibat dalam proses perumusan Pancasila sebagai dasar negara adalah ...;mengutamakan kepentingan bangsa dan negara;pembentukan panitia kecil untuk perumusan Pancasila;saling mengajukan usul tentang dasar-dasar bagi negara yang merdeka;menerima perubahan rumusan sila pertama dalam Piagam Jakarta;#;A
6;Membiasakan semangat persatuan dan kesatuan dapat diwujudkan dalam bentuk kegiatan ...;bergotong royong membersihkan lingkungan;melakukan kegiatan yang dapat mengharumkan nama bangsa;mencintai produksi dalam negeri;berani membela kebenaran dan keadilan;#;A
6;Jika keputusan yang diambil tidak sesuai dengan pendapat kita, maka sikap kita sebaiknya ...;menerima dengan perasaan dendam;menerima dengan ikhlas dan lapang dada;menerima namun tidak melaksanakan keputusan;menolak hasil keputusan musyawarah;#;B
6;Hakekat keputusan musyawarah merupakan keputusan oleh ...;kelompok tertentu;beberapa golongan;para pemimpin;semua peserta;#;D
6;Contoh tindakan melaksanakan kebersamaan dalam keluarga adalah ...;melaksanakan nasihat orang tua;mengantar teman sekelas yang sakit di UKS;membantu membersihkan rumah tetangga;memboncengkan teman ke sekolah;#;A
6;Alasan yang mendorong para pendiri bangsa untuk mengadakan perubahan bunyi sila pertama pada Piagam Jakarta adalah ...;masyarakat Indonesia menganut agama yang heterogen;tidak disetujui oleh pemerintah Jepang;kalimat sila pertama terlalu panjang;kurang mewakili masyarakat Indonesia;#;A
6;Tokoh nasional yang memimpin delegasi Indonesia dalam Konferensi Meja Bundar adalah ...;Mr. Muh. Yamin;Drs. Moh. Hatta;Ir. Soekarno;Mr. Supomo;#;B
6;Makam Ir. Soekarno terdapat di Provinsi ...;Jawa Timur;DKI Jakarta;Nusa Tenggara Timur;Jawa Barat;#;A
6;Para perumus Pancasila mengajarkan kepada kita untuk menghargai pendapat yang berbeda atau bahkan bertentangan dengan pendapat kita. Nilai yang diajarkan adalah ...;sopan santun;musyawarah;kebersamaan;kerja keras;#;B
6;Dalam melaksanakan keputusan bersama harus dengan perasaan ...;dendam;ikhlas;sedih;benci;#;B
6;Organisasi politik yang merupakan perintis bangkitnya kesadaran perjuangan bangsa Indonesia adalah ...;Tri Koro Dharmo;Sarekat Islam;Budi Utomo;Indische Partij;#;C
6;BPUPKI dibentuk pada tanggal ...;2 Juni 1945;2 Maret 1945;1 Maret 1945;1 Juni 1945;#;C
6;Pancasila sebagai dasar negara yang diusulkan oleh Ir. Soekarno dapat diterima karena ...;Ir. Soekarno sebagai calon presiden pertama Republik Indonesia;sesuai dengan cita-cita bangsa Indonesia;Ir. Soekarno seorang pemimpin bangsa;sesuai dengan kehendak para pemimpin bangsa;#;B
6;Ketua Panitia Sembilan adalah ...;Mr. Muh. Yamin;Ir. Soekarno;Ahmad Subarjo;Drs. Moh Hatta;#;B
6;Jepang berusaha meyakinkan bangsa Indonesia tentang kemerdekaan yang dijanjikan dengan cara membentuk ...;DPAS;MPRS;PPKI;BPUPKI;#;D
6;Rumusan sila dasar negara dalam Piagam Jakarta yang diganti pada awalnya berbunyi ...;Ketuhanan Yang Maha Esa dengan menjalankan syariat-syariat Islam;Ketuhanan Yang Maha Esa dengan dengan cara menjalankan syariat-syariat Islam;Ketuhanan dengan kewajiban menjalankan syariat-syariat Islam;Ketuhanan dengan kewajiban menjalankan syariat-syariat Islam bagi para pemeluknya;#;D
6;Nilai kebersamaan dapat diwujudkan dalam bentuk sikap ...;melaksanakan hasil keputusan sesuka hati;mendengarkan pendapat yang sama;menghargai pendapat orang lain;memaksakan kehendak kepada orang lain;#;C
6;Badan/lembaga yang berperan penting dalam perumusan Pancasila adalah ...;BPUPKI;MPRS;KNIP;PPKI;#;A
6;Selesai menjalankan tugasnya, BPUPKI kemudian dibubarkan dan kedudukannya digantikan oleh ...;KNIP;MPRS;DPRS;PPKI;#;D
6;Tokoh yang mengusulkan dasar negara dalam sidang BPUPKI tanggal 1 Juni 1945 adalah ...;Mr. Muh. Yamin;Mr. Soepomo;Ir. Soekarno;Drs. Moh. Hatta;#;C
6;Pancasila sebagai dasar negara disahkan pada tanggal ...;1 Juni 1945;22 Juni 1945;18 Agustus 1945;17 Agustus 1945;#;C
6;Nilai-nilai yang terkandung dalam Pancasila bersifat ...;temporal;universal;lokal;nasional;#;B
6;Contoh penerapan nilai persatuan di sekolah adalah ...;mengerjakan PR teman;membantu teman yang sedang kesulitan;ikut tawuran antar sekolah;tidak peduli dengan teman;#;B
6;Lembaga negara yang bertugas mengawasi jalannya pemerintahan adalah ...;DPR;MPR;BPK;MA;#;C
6;Sikap yang sesuai dengan sila pertama Pancasila adalah ...;toleransi antar umat beragama;membeda-bedakan suku;acuh tak acuh;egois;#;A
6;Keputusan bersama yang diambil melalui musyawarah mufakat harus ...;dilaksanakan dengan tanggung jawab;dilaksanakan dengan terpaksa;diabaikan;ditolak;#;A
6;Berikut ini yang bukan termasuk nilai-nilai Pancasila adalah ...;ketuhanan;kemanusiaan;kesukuan;keadilan sosial;#;C
6;Pancasila sebagai pandangan hidup bangsa berarti ...;dasar negara Indonesia;pedoman hidup bangsa Indonesia;lambang negara Indonesia;semboyan negara Indonesia;#;B
6;Contoh pengamalan sila kedua Pancasila di masyarakat adalah ...;ikut kerja bakti;menghormati orang lain;rajin beribadah;hemat;#;B
6;Lembaga yang berwenang mengubah UUD 1945 adalah ...;Presiden;DPR;MPR;MA;#;C
6;Sikap yang menunjukkan persatuan dan kesatuan adalah ...;mementingkan diri sendiri;gotong royong;individualis;acuh tak acuh;#;B
6;Pancasila sebagai dasar negara tercantum dalam ...;Pembukaan UUD 1945 alinea 1;Pembukaan UUD 1945 alinea 2;Pembukaan UUD 1945 alinea 3;Pembukaan UUD 1945 alinea 4;#;D
6;Contoh penerapan nilai kerakyatan di sekolah adalah ...;pemilihan ketua kelas;ikut ujian;mengerjakan PR;belajar kelompok;#;A
6;Lembaga yang bertugas memeriksa pengelolaan keuangan negara adalah ...;DPR;MPR;BPK;KY;#;C
6;Sikap yang sesuai dengan sila ketiga Pancasila adalah ...;bangga menggunakan produk luar negeri;ikut tawuran;cinta tanah air;acuh tak acuh;#;C
6;Musyawarah untuk mencapai mufakat mencerminkan sila ...;pertama;kedua;ketiga;keempat;#;D
6;Berikut ini yang bukan termasuk lembaga legislatif adalah ...;DPR;DPD;MPR;Presiden;#;D
6;Pancasila sebagai ideologi negara berarti ...;dasar negara;pedoman hidup;alat pemersatu bangsa;tujuan negara;#;C
6;Contoh pengamalan sila kelima Pancasila di sekolah adalah ...;membantu teman yang kurang mampu;rajin belajar;ikut upacara;disiplin;#;A
6;Lembaga yang bertugas mengawasi pelaksanaan undang-undang adalah ...;DPR;MPR;BPK;KY;#;D
6;Sikap yang menunjukkan pengamalan sila keempat Pancasila adalah ...;ikut pemilihan ketua kelas;rajin beribadah;hemat;disiplin;#;A
6;Bahan yang digunakan untuk membuat boneka dibawah ini , kecuali...;Kain, kayu;ranting pohon, keramik;Kayu, jerami;besi, palstik;#;D
6;Pada dasarnya, boneka adalah mainan berbentuk...;Manusia;manusia dan binatang;Binatang;barang pecah belah;#;C
6;Boneka dapat di isikan dengan cara-cara dibawah ini kecuali...;Dengan tongkat;dimasukan kedalam tangan;Dimasukan kewadahnya;digantung pada tali;#;B
6;Boneka dari bahan kain dapat dibuat dengan cara ...;Dipahat;di celup;Dijahit;dicetak;#;C
6;Pada awalnya batika digunakan oleh...;Pegawai;petani;PNS;bangsawan;#;D
6;Batik bermotif kaligrafi merupakan batik yang terpengaruhi budaya dari ...;Arab;lina;Eropa;jawa;#;A
6;Batik bermotif buah dan bunga cirri khas batik yang berasal...;Arab;lina;Eropa;jawa;#;C
6;Batik cap batik yang alatnya terbuat dari...;Kayu;logam;Palstik;kain;#;B
6;Batik dari jambi, motifnya lekat dengan kehidupan...;Bahari;buah-buahan;Hutan;bunga;#;B
6;Batik yang warna dasarnya putih dan batiknya berwarna coklat adalah cirri khusus batikan dari...;Solo;pekalongan;Jogja;jakarta;#;B
6;Nama latin batik jumputan adalah...;Ikat celup;batik cap;Batik tulis;batik sablon;#;A
6;Seni batik yang masih memiliki nilai seni dan harga jual yang tinggi ...;Batik turki;batik cap;Batik tulis;batik modern;#;B
6;Menurut sejarahnya warna-warnanya yang digunakan dalam membatik berasal dari...;Tanam-tanaman;tambang;Binatang;mineral;#;A
6;Kesenian gambang kromong berasal dari...;Jawa barat;Sumatra;Jawatimur;jakarta;#;D
6;Salah satu lagu dari bandung, jwa barat adalah ...;Sirih kuning;prau layar;Es lilin;bengawan solo;#;B
6;Music keroncong adalah music yang dibawa oleh bangsa... Ke Indonesia;Inggris;portugis;Belanda;jerman;#;C
6;Biola, gitar, banso, bas, mandolin adalah alat-alat music yang dipergunakan dalam music...;Pop;rege;Dangdut;keroncong;#;D
6;Sebuah tarian yang memmbutuhkan 4 orangpenari termasuk bentuk tari...;Kelompok;berpasangan;Tunggal;berpasang-pasangan;#;A
6;Di bawah ini yang termasuk alat music melodi adalah...;Tamborin;drum;Kastanyet;seruling;#;D
6;Berikut ini yang termasuk lagu nasional kecuali...;Bagimu negeri;bengawan solo;Halo-halo bandung;har merdeka;#;C
6;Gambar disamping jenis alat music tradisional, nama alat tersebut adalah...;Kendang;safon;Gong;demung;#;A
6;Nama terompet yang terbuat dari kerang ...;Tifa;fu;Terompet;pianika;#;C
6;Sasando alat music yang terbuat dari lontar berasal dari daerah...;Sulawesi;irian;Jawa barat;NTT;#;D
6;Jenis tarian yang hidup dan berkembang di kalangan rakyat jelata disebut tari...;klasik;rakyat;modern;kreasi baru;#;B
6;Motif gambar yang dibuat dengan pola teratur dan dipakai sebagai hiasan disebut....;motif hias;relief;patron;disain;#;A
6;Alat musik kecapi dimainkan dengan cara...;ditiup;digesek;dipetik;digoyang;#;C
6;Sebelum adanya materi baku kain, nenek moyang kita menciptakan motif hias pada....;tembok;badan dan kulit kayu;tempurung kelapa;kerikil cadas;#;B
6;Dibawah ini yakni salah satu jenis alat musik petik, yaitu...;gong;bonang;siter;simbal;#;C
6;Jenis batik Jawa motif garis-garis disebut motif....;abstrak;lurik;truntum;jumputan;#;B
6;Salah satu ciri khas motif sulaman kasab timbul yaitu....;disulam dari benang jahit warna-warni;sulaman disusun secara teratur dan berulang-ulang;bab dalam motif sulaman diisi belahan karton;motif sulaman berupa motif geometris;#;C
6;Nama lagu yang isi syairnya menggambarkan suasana pantai adalah...;anging mamiri;bubuy bulan;apuse;praon;#;A
6;Ciri khas dari motif poleng terdapat pada makna simboliknya. Motif kotak-kotak hitam dan putih secara berselang-seling mengandung makna....;baik dan buruk;masbodoh dan asin;pria dan perempuan;api dan air;#;A
6;Jenis gambar ilustrasi disebut juga gambar....;cerita;dekorasi;drama;Karikatur;#;A
6;Nama alat lukis untuk menggambar yang tidak memerlukan pengencer yaitu....;cat poster;cat air;konte;tinta;#;A
6;Dalam menggambar ilustrasi suasana alam sekitar, bingkai pemandang mempunyai fungsi untuk...;menentukan sudut pandang suasana alam yang paling menarik;membidik gambar suasana alam dalam bentuk foto;menciptakan denah berangasan suasana alam yang diamati;membingkai gambar suasana alam yang telah dibuat;#;A
6;Jenis alat musik yang dinamakan Sampek berasal dari daerah...;Jawa Barat;Jawa Tengah;Kalimantan;Papua;#;C
6;Nama gendang yang terdapat di Papua, Kalimantan Tengah, dan Maluku disebut Gendang...;Jawa;tifa;melayu;karo;#;B
6;Jensi musik Thek-Thek atau Kentungan berasal dari provinsi....;Jawa Barat;Jawa Timur;Jawa Tengah;Papua;#;C
6;"Nama tangga nada yang dipakai dalam lagu ""Soleram"" yaitu...";diatonik mayor;diatonik minor;pentatonik;septatonik;#;C
6;Nama lagu yang isi syairnya menggambarkan kegagahan burung garuda dan yang menjadi lambang negara kita yaitu lagu....;Manuk Dadali;Apuse;Gundhul Pacul;Soleram;#;A
6;Jenis musik Thek-Thek atau Kentungan dimainkan oleh.....orang.;20 hingga 30;20 hingga 40;30 hingga 40;30 hingga 50;#;D
6;Pola garis-garis di lantai yang dibuat oleh deretan penari disebut...;properti;pola lantai;pola tari;ekspresi;#;B
6;Bentuk pola lantai dalam karya seni tari harus diubahsuaikan dengan...;jumlah penari, gerak tari, dan tempat pertunjukan;busana, tata rias, dan panggung;panggung, properti, dan tata rias;tata lampu, busana, dan gerak;#;A
6;Seni tari Kuda Gepang Putri berasal dari daerah...;Sumatra Selatan;Kalimantan Selatan;NTB;Maluku;#;A
6;Seorang Koreografer sanggup mengatakan kemampuannya dalam mencipta karya tari melalui...;pergelaran;wawasan;apresiasi;ekspresi;#;A
6;Dalam Tari Kuda Kepang diperagakan secara...;berpasangan;duet;berkelompok;perseorangan;#;C
6;Nama tarian yang berasal dari kawasan Surakarta yaitu tari...;Lengger;Srimpi;Jaipongan;Remo;#;B
6;Nama musik gambang kromong berasal dari daerah...;bali;Madura;Jakarta;lampung;#;C
6;Pengelompokan motif batik di bawah ini yang didasarkan pada akar budaya yaitu . . .;motif batik geometris dan motif batik naturalis;motif batik klasik dan motif batik bebas atau mandiri;motif batik Pekalongan dan motif batik Garut;motif batik fl ora dan motif batik fauna;#;B
6;Dua kota di bawah ini yang merupakan pusat pembuatan batik klasik yaitu . . . .;Surakarta dan Yogyakarta;Pekalongan dan Garut;Lasem dan Jakarta;Cirebon dan Banjarmasin;#;A
6;Alat membatik yang berupa teko kecil dari tembaga ringan dan memiliki co rong di ujungnya disebut . . . .;alat cap;corong;canting;alas;#;C
6;Di antara nama motif batik di bawah ini yang termasuk motif khas Jambi yaitu motif . . . .;basurek;sido mulyo;ombak sinapur karang;daun talas;#;A
6;Motif batik khas Banjarmasin yang pada masa lampau hanya diperuntukkan bagi kaum bangsawan yaitu motif . . . .;bintang bahambur;naga balimbur;bayam raja;ombak sinapur karang;#;A
6;Proses penghilangan lilin dalam membatik disebut . . . .;nglorot;nitik;nyanting;mola;#;A
6;Proses penghilangan lilin dalam membatik dapat dilakukan dengan cara . . . .;merebus kain;menyetrika kain;mencelupkan kain ke dalam alkohol;mencelupkan kain ke dalam minyak tanah;#;A
6;Gambar yang menceritakan suatu adegan atau peristiwa disebut . . . .;dekorasi;ilustrasi;khayalan;karikatur;#;B
6;Jenis musik yang lahir dan berkembang dari budaya daerah setempat disebut musik . . . .;instrumental;vokal;modern;daerah;#;D
6;Musik Gambang Kromong merupakan percampuran budaya pribumi dan budaya . . . .;Amerika;Cina;Inggris;Vietnam;#;B
6;Tangga nada yang terdiri atas tujuh nada yaitu tangga nada . . . .;diatonik;pentatonik;mayor;minor;#;A
6;Di bawah ini termasuk alat musik har monis, yaitu . . . .;triangle;tamborin;piano;recorder;#;C
6;"Lagu ""Maju Tak Gentar"" termasuk jenis lagu . . . .";anak-anak;wajib;daerah;pop;#;B
6;"Teknik membawakan lagu ""Maju Tak Gentar"" menggunakan gaya . . . .";legato;marcato;melismatis;stacato;#;B
6;Garis-garis di lantai yang dilalui oleh seorang penari pada saat melakukan ge rak tari disebut . . . .;pola garis;pola lantai;pola penari;formasi penari;#;B
6;Secara umum ada two macam pola garis dasar, yaitu . . . .;garis lurus dan garis lengkung;garis lurus dan garis diagonal;garis lurus dan garis melingkar;garis lengkung dan garis horisontal;#;A
6;Pengetahuan tentang penyusunan tari atau hasil susunan tari disebut . . . .;karya tari;koreografi;koreografer;desainer;#;B
6;Tarian yang hidup dan berkembang di kalangan masyarakat jelata disebut tari . . . .;klasik;modern;rakyat;kreasi baru;#;C
